t,y,vy,ay
0.000000E0,5.363776E-3,,
1.668889E-2,5.458944E-3,4.816559E-3,
3.337778E-2,5.524542E-3,4.203606E-3,-1.760599E-1
5.006667E-2,5.599251E-3,-1.872411E-4,-2.130337E-1
6.674444E-2,5.518295E-3,-4.349408E-3,-8.853551E-2
8.343333E-2,5.454126E-3,-2.520568E-3,1.530888E-1
1.001222E-1,5.434164E-3,7.838117E-4,1.272832E-1
1.168111E-1,5.480288E-3,2.186779E-3,9.029530E-2
1.335000E-1,5.507154E-3,3.132448E-3,-1.089470E-1
1.501889E-1,5.584842E-3,-2.337555E-4,-1.157563E-1
1.668778E-1,5.499351E-3,-2.692704E-3,1.857044E-2
1.835667E-1,5.494966E-3,1.523555E-3,2.424705E-2
2.002556E-1,5.550204E-3,-1.091376E-3,1.421598E-1
2.169444E-1,5.458538E-3,3.474765E-3,7.067375E-2
2.336333E-1,5.666184E-3,5.456405E-3,-1.353831E-1
2.503222E-1,5.640660E-3,-3.972067E-3,-2.680073E-1
2.670111E-1,5.533605E-3,-3.592238E-3,-4.563022E-2
2.837000E-1,5.520760E-3,-3.893467E-3,9.579099E-2
3.003889E-1,5.403650E-3,-2.358196E-3,2.441797E-1
3.170667E-1,5.442074E-3,5.567314E-3,3.952113E-2
3.337556E-1,5.589413E-3,4.279789E-4,-1.677593E-1
3.504444E-1,5.456359E-3,-3.532690E-3,-2.546376E-1
3.671333E-1,5.471500E-3,-4.788910E-3,2.299507E-1
3.838222E-1,5.296516E-3,3.350932E-4,1.855932E-1
4.005111E-1,5.482684E-3,6.041498E-3,1.355858E-1
4.172000E-1,5.498168E-3,1.738099E-3,-2.613742E-1
4.338889E-1,5.540698E-3,-1.186928E-3,-1.979239E-1
4.505778E-1,5.458551E-3,-5.910046E-3,-8.116277E-2
4.672667E-1,5.343434E-3,-4.051224E-3,2.546454E-1
4.839556E-1,5.323330E-3,2.950317E-3,7.707428E-2
5.006444E-1,5.441909E-3,2.772396E-4,3.324669E-2
5.173333E-1,5.332584E-3,5.072996E-4,-1.504718E-1
5.340222E-1,5.458841E-3,-5.883383E-4,-1.234229E-1
5.507111E-1,5.312946E-3,-7.175378E-3,-2.208723E-1
5.673889E-1,5.219423E-3,-6.254443E-3,1.183107E-1
5.840778E-1,5.104256E-3,-4.043023E-3,6.046065E-2
6.007667E-1,5.084476E-3,-3.058279E-3,1.849054E-1
6.174556E-1,5.002178E-3,4.207296E-4,2.661532E-2
6.341444E-1,5.098519E-3,3.950517E-4,6.112684E-2
6.508333E-1,5.015364E-3,-4.828815E-4,1.742538E-1
6.675222E-1,5.082401E-3,7.734118E-3,-1.740236E-2
6.842111E-1,5.273512E-3,8.674851E-4,-2.049299E-1
7.009000E-1,5.111356E-3,-3.542901E-3,-7.284219E-2
7.175889E-1,5.155257E-3,1.826824E-3,4.277466E-2
7.342778E-1,5.172331E-3,-2.695517E-3,-7.463021E-2
7.509667E-1,5.065287E-3,-2.212090E-3,2.468934E-2
7.676556E-1,5.098497E-3,1.263618E-4,-1.262949E0
7.843333E-1,5.069503E-3,-4.003007E-2,-8.407720E-1
8.010222E-1,3.762827E-3,-4.356045E-2,4.221202E-1
8.177111E-1,3.615552E-3,-1.032472E-2,1.316347E0
8.344000E-1,3.418211E-3,-5.865802E-3,2.248940E-1
8.510889E-1,3.419765E-3,-7.770935E-4,-7.776630E-2
8.677778E-1,3.392273E-3,-8.572126E-3,-1.408253E-1
8.844667E-1,3.133646E-3,-8.352376E-3,6.729995E-2
9.011556E-1,3.113489E-3,-3.034318E-3,2.353749E-1
9.178444E-1,3.032368E-3,-2.391367E-3,-4.387353E-2
9.345333E-1,3.033671E-3,-3.080946E-3,-6.525596E-1
9.512222E-1,2.929533E-3,-2.302925E-2,-6.186497E-1
9.679111E-1,2.265006E-3,-2.954359E-2,3.842820E-1
9.846000E-1,1.943433E-3,-6.668612E-3,4.173873E-1
1.001289E0,2.042422E-3,-1.105354E-2,-2.098770E-1
1.017978E0,1.574491E-3,-2.129572E-2,-1.946275E-1
1.034656E0,1.331855E-3,-1.336536E-2,4.383015E-1
1.051344E0,1.128533E-3,-7.903135E-3,1.437880E-1
1.068033E0,1.068066E-3,-7.022932E-3,-3.092747E-1
1.084722E0,8.941232E-4,-1.863554E-2,-8.782648E-1
1.101411E0,4.460529E-4,-3.677958E-2,-2.272105E-1
1.118100E0,-3.334975E-4,-3.023693E-2,7.290146E-1
1.134789E0,-5.631886E-4,-7.251396E-3,6.846808E-1
1.151478E0,-5.755330E-4,-6.984589E-3,-2.633622E-1
1.168167E0,-7.963187E-4,-1.806549E-2,-1.494681E-1
1.184856E0,-1.178519E-3,-1.376789E-2,4.894591E-1
1.201544E0,-1.255860E-3,7.962327E-4,-7.321333E-1
1.218233E0,-1.151942E-3,-3.243498E-2,1.745161E-1
1.234922E0,-2.338468E-3,-1.343780E-2,4.947694E-1
1.251611E0,-1.600466E-3,1.084449E-2,7.584126E-1
1.268300E0,-1.976503E-3,-7.986284E-3,-1.522299E0
1.284978E0,-1.866942E-3,-2.633481E-2,-9.299702E-1
1.301667E0,-2.855207E-3,-5.158035E-2,-2.012468E-2
1.318356E0,-3.588579E-3,-2.309529E-2,7.285355E-1
1.335044E0,-3.626077E-3,-1.987885E-2,5.502639E-1
1.351733E0,-4.252091E-3,-1.584052E-2,4.446897E-1
1.368422E0,-4.154798E-3,3.943725E-3,1.770908E-1
1.385111E0,-4.120458E-3,-1.161152E-2,-8.575864E-1
1.401800E0,-4.542365E-3,-2.793715E-2,-2.358975E-1
1.418489E0,-5.052938E-3,-1.982927E-2,3.550159E-1
1.435178E0,-5.204222E-3,-1.218655E-2,-1.090231E-1
1.451867E0,-5.459698E-3,-2.457415E-2,-6.710737E-1
1.468556E0,-6.024452E-3,-3.641862E-2,-2.819981E-1
1.485244E0,-6.675271E-3,-3.409930E-2,6.733055E-1
1.501933E0,-7.162611E-3,-1.430546E-2,5.146484E-1
1.518622E0,-7.152755E-3,-1.162956E-2,-1.955330E-1
1.535300E0,-7.550651E-3,-2.613104E-2,-6.337180E-1
1.551989E0,-8.024661E-3,-3.126781E-2,1.060274E-1
1.568678E0,-8.594301E-3,-2.445933E-2,-2.874202E-3
1.585367E0,-8.841059E-3,-2.651497E-2,-3.637743E-1
1.602056E0,-9.479312E-3,-4.094816E-2,-1.231255E-1
1.618744E0,-1.020782E-2,-3.146291E-2,5.397544E-1
1.635433E0,-1.052947E-2,-1.908972E-2,6.896503E-1
1.652122E0,-1.084499E-2,-1.122931E-2,-2.215689E-3
1.668811E0,-1.090428E-2,-1.531621E-2,-1.889636E-1
1.685500E0,-1.135621E-2,-2.262977E-2,-5.351467E-1
1.702189E0,-1.165961E-2,-2.872057E-2,3.409182E-2
1.718878E0,-1.231484E-2,-2.690439E-2,4.036318E-2
1.735567E0,-1.255762E-2,-2.137087E-2,-7.636347E-4
1.752244E0,-1.302791E-2,-3.034485E-2,-5.545086E-1
1.768933E0,-1.357013E-2,-3.863053E-2,1.614590E-1
1.785622E0,-1.431732E-2,-2.869127E-2,3.546388E-1
1.802311E0,-1.452778E-2,-2.023302E-2,-1.509357E-2
1.819000E0,-1.499265E-2,-3.294305E-2,-2.385701E-1
1.835689E0,-1.562735E-2,-2.974465E-2,3.660493E-1
1.852378E0,-1.598546E-2,-1.810912E-2,5.677507E-1
1.869067E0,-1.623179E-2,-1.148866E-2,2.355290E-1
1.885756E0,-1.636893E-2,-9.594649E-3,-3.531091E-1
1.902444E0,-1.655204E-2,-2.249012E-2,-1.200034E0
1.919133E0,-1.711960E-2,-5.040135E-2,-6.774001E-1
1.935822E0,-1.823432E-2,-5.047055E-2,5.205887E-1
1.952511E0,-1.880419E-2,-2.703528E-2,9.974164E-1
1.969200E0,-1.913670E-2,-1.778480E-2,2.674101E-1
1.985889E0,-1.939781E-2,-1.816448E-2,-3.533387E-1
2.002567E0,-1.974279E-2,-2.936700E-2,-6.432204E-1
2.019256E0,-2.037769E-2,-4.128078E-2,-1.719881E-1
2.035944E0,-2.112065E-2,-3.599735E-2,3.865663E-1
2.052633E0,-2.157920E-2,-2.573039E-2,1.914682E-1
2.069322E0,-2.197947E-2,-2.953244E-2,-1.338340E-3
2.086011E0,-2.256493E-2,-2.854348E-2,5.291450E-2
2.102700E0,-2.293219E-2,-2.471857E-2,3.215313E-1
2.119389E0,-2.338998E-2,-2.050900E-2,-4.472005E-1
2.136078E0,-2.361673E-2,-3.431850E-2,-1.374978E-1
2.152767E0,-2.453545E-2,-3.489025E-2,7.310317E-2
2.169456E0,-2.478129E-2,-2.210380E-2,6.420462E-1
2.186144E0,-2.527323E-2,-1.982539E-2,5.800968E-2
2.202833E0,-2.544302E-2,-1.558394E-2,-1.354877E-1
2.219522E0,-2.579338E-2,-2.648732E-2,-6.635403E-1
2.236211E0,-2.632711E-2,-3.771586E-2,-7.626910E-1
2.252889E0,-2.705184E-2,-5.163314E-2,-5.066310E-1
2.269578E0,-2.804993E-2,-5.658991E-2,2.853384E-1
2.286267E0,-2.894068E-2,-4.167715E-2,7.557261E-1
2.302956E0,-2.944103E-2,-2.867024E-2,5.514797E-1
2.319644E0,-2.989763E-2,-2.491569E-2,1.347272E-1
2.336333E0,-3.027266E-2,-2.351337E-2,-6.955316E-2
2.353022E0,-3.068246E-2,-2.746795E-2,-2.785430E-1
2.369711E0,-3.118948E-2,-3.310474E-2,-1.414335E-1
2.386400E0,-3.178742E-2,-3.296063E-2,-2.803960E-1
2.403089E0,-3.228963E-2,-3.985978E-2,-8.881668E-1
2.419778E0,-3.311785E-2,-6.378369E-2,2.385247E-1
2.436467E0,-3.441859E-2,-3.997183E-2,1.061649E0
2.453156E0,-3.445202E-2,-1.380832E-2,7.007940E-1
2.469833E0,-3.487932E-2,-2.542020E-2,-5.572699E-1
2.486522E0,-3.530021E-2,-2.997751E-2,-1.484545E-1
2.503211E0,-3.587991E-2,-3.212505E-2,-1.188944E-1
2.519900E0,-3.637247E-2,-3.214460E-2,-2.373343E-1
2.536589E0,-3.695282E-2,-4.037160E-2,-1.520700E-1
2.553278E0,-3.771998E-2,-3.938432E-2,-2.603114E-1
2.569967E0,-3.826738E-2,-4.468207E-2,2.483664E-1
2.586656E0,-3.921137E-2,-3.807158E-2,5.691245E-1
2.603344E0,-3.953813E-2,-1.881429E-2,4.476801E-1
2.620033E0,-3.983935E-2,-2.461437E-2,-3.782483E-1
2.636722E0,-4.035970E-2,-3.314375E-2,-3.265099E-1
2.653411E0,-4.094562E-2,-3.513245E-2,-4.772218E-1
2.670100E0,-4.153234E-2,-4.709345E-2,-2.511215E-1
2.686789E0,-4.251749E-2,-4.843492E-2,2.241153E-1
2.703478E0,-4.314899E-2,-3.526437E-2,6.461785E-1
2.720156E0,-4.369414E-2,-2.828506E-2,3.674934E-1
2.736844E0,-4.409277E-2,-2.232842E-2,-2.257816E-1
2.753533E0,-4.443942E-2,-3.408885E-2,-2.150976E-1
2.770222E0,-4.523058E-2,-3.526936E-2,-2.417572E-1
2.786911E0,-4.561663E-2,-3.508086E-2,-2.542579E-1
2.803600E0,-4.640150E-2,-4.866949E-2,-2.592875E-1
2.820289E0,-4.724111E-2,-4.347342E-2,3.636604E-1
2.836978E0,-4.785255E-2,-3.463063E-2,2.541708E-1
2.853667E0,-4.839700E-2,-3.504678E-2,-1.850509E-2
2.870356E0,-4.902233E-2,-3.638260E-2,1.342161E-1
2.887044E0,-4.961137E-2,-3.058332E-2,1.404273E-1
2.903733E0,-5.004314E-2,-2.992531E-2,-3.013007E-1
2.920422E0,-5.061021E-2,-4.141000E-2,-2.586351E-1
2.937111E0,-5.142531E-2,-4.119421E-2,-1.706656E-1
2.953800E0,-5.198519E-2,-4.258369E-2,1.575938E-1
2.970478E0,-5.284619E-2,-4.111768E-2,1.517390E-1
2.987167E0,-5.335714E-2,-3.289574E-2,7.207282E-1
3.003856E0,-5.394417E-2,-2.120123E-2,-3.972291E-1
3.020544E0,-5.406479E-2,-3.751028E-2,-4.113255E-1
3.037233E0,-5.519618E-2,-4.835550E-2,-2.904951E-1
3.053922E0,-5.567879E-2,-3.627568E-2,1.944068E-1
3.070611E0,-5.640698E-2,-4.635650E-2,-8.616766E-2
3.087300E0,-5.722607E-2,-4.015391E-2,1.726529E-1
3.103989E0,-5.774723E-2,-3.685113E-2,-1.583400E-2
3.120678E0,-5.845608E-2,-4.342791E-2,1.413835E-1
3.137367E0,-5.919676E-2,-3.319877E-2,7.592406E-2
3.154056E0,-5.956418E-2,-3.561911E-2,-1.822346E-1
3.170744E0,-6.038565E-2,-4.533592E-2,-3.927705E-1
3.187422E0,-6.107689E-2,-4.515070E-2,2.813539E-1
3.204111E0,-6.189217E-2,-3.896459E-2,4.030211E-1
3.220800E0,-6.237744E-2,-2.842547E-2,-8.247803E-2
3.237489E0,-6.284095E-2,-4.104751E-2,-2.932153E-1
3.254178E0,-6.374752E-2,-4.362590E-2,-4.493143E-2
3.270867E0,-6.429709E-2,-3.701203E-2,1.622336E-1
3.287556E0,-6.498290E-2,-4.092857E-2,-5.918964E-1
3.304244E0,-6.566319E-2,-5.421618E-2,-6.781219E-2
3.320933E0,-6.679251E-2,-4.963538E-2,4.317005E-1
3.337622E0,-6.731991E-2,-3.259140E-2,6.057955E-1
3.354311E0,-6.788034E-2,-3.243752E-2,1.816273E-1
3.371000E0,-6.840260E-2,-2.671521E-2,-3.432122E-1
3.387689E0,-6.877203E-2,-4.017174E-2,-5.644317E-1
3.404378E0,-6.974345E-2,-5.221750E-2,-2.460519E-1
3.421067E0,-7.051494E-2,-4.437533E-2,2.007397E-1
3.437744E0,-7.122410E-2,-4.543826E-2,-4.466449E-2
3.454433E0,-7.203106E-2,-4.712946E-2,-9.315843E-3
3.471122E0,-7.279718E-2,-4.508339E-2,3.661042E-1
3.487811E0,-7.353584E-2,-3.602588E-2,5.384266E-1
3.504500E0,-7.399964E-2,-2.524090E-2,1.959012E-1
3.521189E0,-7.437833E-2,-2.902943E-2,-8.139564E-1
3.537878E0,-7.496858E-2,-5.218226E-2,-5.385549E-1
3.554567E0,-7.612006E-2,-5.316533E-2,4.757556E-1
3.571256E0,-7.674312E-2,-3.037199E-2,2.802947E-1
3.587944E0,-7.713381E-2,-4.149806E-2,-1.552265E-1
3.604633E0,-7.812824E-2,-4.394961E-2,1.005672E-1
3.621322E0,-7.860075E-2,-3.074257E-2,-5.150000E-2
3.638011E0,-7.915435E-2,-4.666854E-2,-3.248385E-1
3.654700E0,-8.015844E-2,-4.697779E-2,-4.402475E-2
3.671389E0,-8.072237E-2,-4.137414E-2,1.226684E-1
3.688067E0,-8.153896E-2,-4.719690E-2,3.664097E-2
3.704756E0,-8.229717E-2,-3.941622E-2,2.591155E-1
3.721444E0,-8.285458E-2,-3.660800E-2,1.371151E-2
3.738133E0,-8.351907E-2,-4.061975E-2,-3.199976E-1
3.754822E0,-8.421038E-2,-4.635560E-2,-4.504269E-1
3.771511E0,-8.506631E-2,-5.624075E-2,-3.057487E-1
3.788200E0,-8.608757E-2,-5.776170E-2,7.396584E-1
3.804889E0,-8.699427E-2,-3.292255E-2,3.695018E-1
3.821578E0,-8.718645E-2,-3.626669E-2,-6.257152E-2
3.838267E0,-8.820477E-2,-4.712556E-2,-3.995782E-1
3.854956E0,-8.875940E-2,-4.099045E-2,-8.551205E-2
3.871644E0,-8.957294E-2,-5.350157E-2,-8.670121E-2
3.888333E0,-9.054516E-2,-4.589958E-2,6.424104E-1
3.905022E0,-9.110497E-2,-2.857741E-2,-6.007450E-2
3.921700E0,-9.149869E-2,-4.518067E-2,-8.760303E-2
3.938389E0,-9.261250E-2,-4.191228E-2,1.229719E-1
3.955078E0,-9.289763E-2,-2.916195E-2,-1.838268E-1
3.971767E0,-9.358586E-2,-5.331930E-2,-5.964217E-1
3.988456E0,-9.467731E-2,-5.262120E-2,7.477320E-2
4.005144E0,-9.534224E-2,-4.474603E-2,2.866306E-1
4.021833E0,-9.617084E-2,-4.670188E-2,2.062994E-1
4.038522E0,-9.690104E-2,-3.724698E-2,1.876166E-1
4.055211E0,-9.741406E-2,-3.796895E-2,-6.359784E-1
4.071900E0,-9.816836E-2,-5.943555E-2,-4.002958E-1
4.088589E0,-9.939788E-2,-5.677864E-2,4.323889E-1
4.105278E0,-1.000635E-1,-3.836011E-2,4.751146E-1
4.121967E0,-1.006783E-1,-4.214068E-2,-3.401401E-1
4.138656E0,-1.014701E-1,-5.096001E-2,1.260031E-2
4.155333E0,-1.023786E-1,-4.353621E-2,1.822084E-1
4.172022E0,-1.029227E-1,-4.016374E-2,-3.900018E-1
4.188711E0,-1.037192E-1,-5.868874E-2,-6.375269E-1
4.205400E0,-1.048816E-1,-6.426498E-2,6.754067E-1
4.222089E0,-1.058642E-1,-3.626932E-2,4.098830E-1
4.238778E0,-1.060922E-1,-4.099008E-2,8.573449E-2
4.255467E0,-1.072324E-1,-4.742981E-2,-4.630182E-1
4.272156E0,-1.076753E-1,-4.406823E-2,-2.555482E-1
4.288844E0,-1.087033E-1,-6.365700E-2,-5.058099E-1
4.305533E0,-1.098000E-1,-5.987131E-2,2.460560E-1
4.322222E0,-1.107017E-1,-5.354733E-2,8.302864E-1
4.338911E0,-1.115873E-1,-3.538381E-2,5.220618E-1
4.355600E0,-1.118827E-1,-2.945699E-2,1.240390E-1
4.372289E0,-1.125705E-1,-3.764101E-2,-7.044594E-1
4.388978E0,-1.131391E-1,-4.825252E-2,-3.938851E-1
4.405656E0,-1.141806E-1,-5.624508E-2,-4.027151E-1
4.422344E0,-1.150158E-1,-5.690347E-2,2.146015E-1
4.439033E0,-1.160799E-1,-5.339003E-2,2.171960E-1
4.455722E0,-1.167978E-1,-4.537427E-2,4.704876E-1
4.472411E0,-1.175944E-1,-4.082717E-2,-4.023643E-1
4.489100E0,-1.181605E-1,-5.367401E-2,-6.127565E-2
4.505789E0,-1.193859E-1,-5.249171E-2,3.035344E-1
4.522478E0,-1.199126E-1,-3.434301E-2,2.461724E-1
4.539167E0,-1.205322E-1,-4.669386E-2,-1.402433E-1
4.555856E0,-1.214711E-1,-4.322257E-2,3.428878E-1
4.572544E0,-1.219749E-1,-3.016031E-2,-3.014635E-1
4.589233E0,-1.224778E-1,-5.201517E-2,-6.265474E-1
4.605922E0,-1.237110E-1,-5.939821E-2,-1.058135E-1
4.622611E0,-1.244604E-1,-4.785780E-2,3.430094E-1
4.639300E0,-1.253084E-1,-5.087821E-2,-4.459550E-2
4.655978E0,-1.261580E-1,-4.920041E-2,1.510936E-1
4.672667E0,-1.269501E-1,-4.558712E-2,2.445151E-1
4.689356E0,-1.276796E-1,-4.110960E-2,-5.105640E-2
4.706044E0,-1.283222E-1,-4.577510E-2,-1.251658E-1
4.722733E0,-1.292075E-1,-4.840104E-2,-2.682867E-1
4.739422E0,-1.299377E-1,-5.128763E-2,1.110874E-1
4.756111E0,-1.309194E-1,-4.892289E-2,2.717649E-1
4.772800E0,-1.315707E-1,-3.840199E-2,3.027303E-1
4.789489E0,-1.322011E-1,-3.976963E-2,-3.154695E-1
4.806178E0,-1.328981E-1,-4.861113E-2,-1.185516E-1
4.822867E0,-1.338237E-1,-4.665707E-2,-1.229791E-2
4.839556E0,-1.344554E-1,-4.456819E-2,1.408222E-1
4.856244E0,-1.353113E-1,-4.591860E-2,3.317956E-1
4.872922E0,-1.359875E-1,-3.220176E-2,1.037334E-2
4.889611E0,-1.363857E-1,-4.143442E-2,-6.738659E-1
4.906300E0,-1.373705E-1,-6.065284E-2,-5.971924E-1
4.922989E0,-1.384102E-1,-5.969724E-2,2.948076E-1
4.939678E0,-1.393631E-1,-5.074354E-2,5.615851E-1
4.956367E0,-1.401039E-1,-4.011827E-2,2.088107E-1
4.973056E0,-1.407021E-1,-4.251004E-2,-7.939952E-2
4.989744E0,-1.415228E-1,-4.576813E-2,-6.179646E-1
5.006433E0,-1.422298E-1,-5.885613E-2,-7.261274E-2
5.023122E0,-1.434873E-1,-5.613473E-2,-2.434750E-1
5.039811E0,-1.441034E-1,-5.636035E-2,5.047379E-1
5.056500E0,-1.453684E-1,-5.111300E-2,5.962157E-1
5.073189E0,-1.458095E-1,-2.660445E-2,1.034842E-1
5.089878E0,-1.462564E-1,-4.817950E-2,-9.374409E-1
5.106567E0,-1.474176E-1,-6.469406E-2,-5.065051E-1
5.123244E0,-1.484151E-1,-6.053529E-2,3.142656E-1
5.139933E0,-1.494375E-1,-5.587078E-2,7.661019E-1
5.156622E0,-1.502799E-1,-3.545247E-2,4.532804E-1
5.173311E0,-1.506208E-1,-3.511900E-2,-1.008667E-1
5.190000E0,-1.514521E-1,-4.574508E-2,-3.778175E-1
5.206689E0,-1.521477E-1,-4.411968E-2,-1.109820E-1
5.223378E0,-1.529247E-1,-5.020737E-2,-3.051993E-1
5.240067E0,-1.538235E-1,-5.485604E-2,1.602080E-1
5.256756E0,-1.547557E-1,-4.602989E-2,-1.630252E-1
5.273444E0,-1.553598E-1,-5.470272E-2,-5.697310E-2
5.290133E0,-1.565815E-1,-5.694480E-2,-2.026907E-1
5.306822E0,-1.572605E-1,-5.249248E-2,5.313744E-1
5.323511E0,-1.583336E-1,-4.732949E-2,5.538296E-5
5.340200E0,-1.588403E-1,-4.402024E-2,2.372283E-1
5.356878E0,-1.598024E-1,-4.724246E-2,2.362504E-1
5.373567E0,-1.604166E-1,-3.189531E-2,-1.430518E-1
5.390256E0,-1.608670E-1,-4.895029E-2,-6.135955E-1
5.406944E0,-1.620505E-1,-6.079616E-2,-3.174983E-1
5.423633E0,-1.628963E-1,-5.316549E-2,1.855922E-1
5.440322E0,-1.638250E-1,-5.661802E-2,1.958917E-1
5.457011E0,-1.647861E-1,-4.792844E-2,1.194722E-1
5.473700E0,-1.654247E-1,-4.829989E-2,-1.626184E-1
5.490389E0,-1.663982E-1,-5.769240E-2,-3.772015E-1
5.507078E0,-1.673504E-1,-5.899793E-2,3.687495E-1
5.523767E0,-1.683674E-1,-4.789397E-2,9.978639E-2
5.540456E0,-1.689490E-1,-4.956053E-2,2.640503E-1
5.557144E0,-1.700216E-1,-4.753860E-2,-1.353620E-1
5.573833E0,-1.705357E-1,-4.514653E-2,1.161754E-1
5.590522E0,-1.715285E-1,-5.133514E-2,4.929013E-2
5.607200E0,-1.722486E-1,-3.963513E-2,-2.548558E-1
5.623889E0,-1.728510E-1,-5.699624E-2,-1.749395E-1
5.640578E0,-1.741510E-1,-5.517913E-2,4.196672E-1
5.657267E0,-1.746928E-1,-3.338138E-2,4.644535E-2
5.673956E0,-1.752652E-1,-5.428204E-2,-5.181156E-1
5.690644E0,-1.765046E-1,-5.850419E-2,5.427541E-2
5.707333E0,-1.772179E-1,-4.481702E-2,7.236135E-2
5.724022E0,-1.780005E-1,-5.742713E-2,-4.134902E-2
5.740711E0,-1.791347E-1,-5.129340E-2,1.280417E-1
5.757400E0,-1.797125E-1,-4.535197E-2,2.852724E-1
5.774089E0,-1.806485E-1,-4.832677E-2,-3.742853E-1
5.790778E0,-1.813256E-1,-5.240567E-2,-4.218473E-1
5.807467E0,-1.823977E-1,-6.656402E-2,-2.469288E-3
5.824156E0,-1.835473E-1,-5.365784E-2,1.518075E-1
5.840833E0,-1.841881E-1,-5.452579E-2,-1.056697E-1
5.857522E0,-1.853667E-1,-6.478315E-2,-2.700633E-1
5.874211E0,-1.863504E-1,-5.947205E-2,2.490679E-1
5.890900E0,-1.873517E-1,-5.777374E-2,3.336092E-1
5.907589E0,-1.882787E-1,-4.861490E-2,6.168199E-1
5.924278E0,-1.889744E-1,-3.629367E-2,-2.927588E-1
5.940967E0,-1.894901E-1,-5.446998E-2,-6.345835E-1
5.957656E0,-1.907925E-1,-6.661030E-2,-1.440660E-1
5.974344E0,-1.917134E-1,-5.296440E-2,7.242518E-1
5.991033E0,-1.925603E-1,-4.434828E-2,2.623375E-1
6.007722E0,-1.931937E-1,-4.210447E-2,5.173220E-2
6.024411E0,-1.939657E-1,-4.491372E-2,-8.637932E-1
6.041100E0,-1.946928E-1,-6.666034E-2,-8.363207E-2
6.057789E0,-1.961906E-1,-5.890124E-2,5.132726E-1
6.074478E0,-1.966588E-1,-3.626245E-2,5.004661E-1
6.091156E0,-1.974006E-1,-4.840494E-2,-1.269813E-1
6.107844E0,-1.982739E-1,-4.192781E-2,-2.222004E-1
6.124533E0,-1.988001E-1,-4.967553E-2,-3.963950E-1
6.141222E0,-1.999320E-1,-6.257923E-2,-1.053355E-1
6.157911E0,-2.008888E-1,-5.012928E-2,2.760443E-3
6.174600E0,-2.016052E-1,-5.889627E-2,1.784782E-2
6.191289E0,-2.028546E-1,-5.759386E-2,8.789112E-2
6.207978E0,-2.035275E-1,-4.769232E-2,2.564794E-1
6.224667E0,-2.044465E-1,-5.378951E-2,-6.734942E-2
6.241356E0,-2.053229E-1,-4.902162E-2,-1.074407E-1
6.258044E0,-2.060827E-1,-5.518111E-2,1.573394E-1
6.274733E0,-2.071647E-1,-4.925245E-2,-1.596510E-1
6.291422E0,-2.077267E-1,-5.205347E-2,-2.186574E-1
6.308111E0,-2.089022E-1,-6.484877E-2,-3.245150E-1
6.324789E0,-2.098905E-1,-5.874352E-2,8.549562E-1
6.341478E0,-2.108622E-1,-3.961840E-2,1.001704E-1
6.358167E0,-2.112128E-1,-4.649424E-2,-3.344336E-1
6.374856E0,-2.124141E-1,-6.212880E-2,-2.597939E-1
6.391544E0,-2.132866E-1,-4.915587E-2,9.220711E-2
6.408233E0,-2.140548E-1,-5.787518E-2,1.940336E-1
6.424922E0,-2.152183E-1,-4.940933E-2,9.530038E-2
6.441611E0,-2.157040E-1,-4.493863E-2,3.086644E-1
6.458300E0,-2.167182E-1,-4.831251E-2,-3.147164E-1
6.474989E0,-2.173166E-1,-4.789914E-2,-3.565220E-1
6.491678E0,-2.183170E-1,-6.474920E-2,-3.505629E-1
6.508367E0,-2.194777E-1,-6.053828E-2,3.577228E-1
6.525056E0,-2.203376E-1,-4.979549E-2,3.735615E-1
6.541744E0,-2.211398E-1,-4.878291E-2,4.377948E-2
6.558422E0,-2.219654E-1,-4.888435E-2,3.161373E-1
6.575111E0,-2.227709E-1,-3.923672E-2,-6.646585E-1
6.591800E0,-2.232750E-1,-6.375772E-2,-1.406723E-1
6.608489E0,-2.248990E-1,-6.012125E-2,-1.600548E-3
6.625178E0,-2.252817E-1,-4.521011E-2,3.763908E-1
6.641867E0,-2.264080E-1,-6.026733E-2,-7.906599E-2
6.658556E0,-2.272933E-1,-4.390910E-2,-6.421132E-2
6.675244E0,-2.278736E-1,-5.757371E-2,-4.462722E-1
6.691933E0,-2.292150E-1,-6.834398E-2,1.636063E-1
6.708622E0,-2.301548E-1,-4.677938E-2,5.181831E-1
6.725311E0,-2.307764E-1,-4.844397E-2,1.851976E-1
6.742000E0,-2.317717E-1,-4.696906E-2,-7.167279E-1
6.758689E0,-2.323441E-1,-6.304048E-2,-1.542210E-1
6.775378E0,-2.338759E-1,-6.584481E-2,2.908853E-1
6.792067E0,-2.345419E-1,-4.159221E-2,2.956423E-1
6.808744E0,-2.352637E-1,-5.806887E-2,-4.340692E-1
6.825433E0,-2.364794E-1,-6.165071E-2,-9.223062E-2
6.842122E0,-2.373214E-1,-5.514354E-2,6.981883E-2
6.858811E0,-2.383200E-1,-6.195678E-2,-9.335954E-2
6.875500E0,-2.393894E-1,-5.893161E-2,-1.405090E-2
6.892189E0,-2.402870E-1,-5.979310E-2,2.743166E-1
6.908878E0,-2.413852E-1,-5.392483E-2,5.900293E-1
6.925567E0,-2.420869E-1,-3.662205E-2,-8.570229E-2
6.942256E0,-2.426075E-1,-5.371534E-2,-3.829836E-1
6.958944E0,-2.438798E-1,-5.906641E-2,-1.071546E-1
6.975633E0,-2.445790E-1,-4.826127E-2,8.403549E-2
6.992322E0,-2.454906E-1,-5.979312E-2,-3.858382E-1
7.009011E0,-2.465748E-1,-6.211480E-2,1.221106E-1
7.025700E0,-2.475639E-1,-5.482218E-2,1.710604E-2
7.042378E0,-2.484040E-1,-5.940378E-2,1.268197E-1
7.059067E0,-2.495460E-1,-5.562273E-2,1.005263E-1
7.075756E0,-2.502606E-1,-5.004701E-2,2.098008E-1
7.092444E0,-2.512165E-1,-5.310957E-2,-1.332273E-1
7.109133E0,-2.520333E-1,-5.185508E-2,-3.900249E-2
7.125822E0,-2.529473E-1,-5.570432E-2,-8.985687E-2
7.142511E0,-2.538926E-1,-5.494836E-2,-1.165134E-1
7.159200E0,-2.547813E-1,-5.826022E-2,-2.451594E-1
7.175889E0,-2.558372E-1,-6.461125E-2,5.633282E-1
7.192578E0,-2.569379E-1,-4.248055E-2,4.178393E-2
7.209267E0,-2.572551E-1,-5.165293E-2,2.954588E-2
7.225956E0,-2.586620E-1,-5.794183E-2,-3.909486E-1
7.242644E0,-2.591890E-1,-4.989107E-2,1.941826E-1
7.259333E0,-2.603272E-1,-6.142497E-2,3.314144E-2
7.276022E0,-2.612393E-1,-4.555123E-2,-3.640152E-2
7.292700E0,-2.618471E-1,-5.794999E-2,-2.392225E-1
7.309389E0,-2.631729E-1,-6.327473E-2,-2.275834E-1
7.326078E0,-2.639591E-1,-5.649284E-2,1.741071E-1
7.342767E0,-2.650585E-1,-6.288124E-2,-1.134814E-1
7.359456E0,-2.660579E-1,-5.830993E-2,9.635720E-2
7.376144E0,-2.670047E-1,-5.927862E-2,-1.873945E-1
7.392833E0,-2.680365E-1,-6.505569E-2,5.121980E-1
7.409522E0,-2.691761E-1,-4.593533E-2,-1.117654E-1
7.426211E0,-2.695697E-1,-5.714394E-2,-7.445715E-2
7.442900E0,-2.710835E-1,-6.489011E-2,8.516166E-2
7.459589E0,-2.717356E-1,-4.174961E-2,3.673007E-1
7.476278E0,-2.724770E-1,-5.549978E-2,-1.345962E-1
7.492967E0,-2.735881E-1,-5.121877E-2,-1.651202E-1
7.509656E0,-2.741866E-1,-5.265943E-2,-1.330555E-1
7.526333E0,-2.753451E-1,-6.351484E-2,-1.401038E-1
7.543022E0,-2.763058E-1,-5.376798E-2,-2.095456E-3
7.559711E0,-2.771398E-1,-6.165638E-2,1.506927E-1
7.576400E0,-2.783638E-1,-5.520961E-2,3.954226E-1
7.593089E0,-2.789826E-1,-4.104177E-2,-3.094053E-1
7.609778E0,-2.797337E-1,-6.622812E-2,7.934525E-2
7.626467E0,-2.811931E-1,-4.933546E-2,1.180251E-1
7.643156E0,-2.813804E-1,-4.372379E-2,4.257198E-2
7.659844E0,-2.826525E-1,-6.434364E-2,-5.066563E-1
7.676533E0,-2.835280E-1,-5.257938E-2,1.316831E-1
7.693222E0,-2.844075E-1,-6.055721E-2,-5.694702E-2
7.709911E0,-2.855493E-1,-5.817201E-2,-8.146725E-2
7.726600E0,-2.863492E-1,-5.781445E-2,-1.306343E-1
7.743289E0,-2.874790E-1,-6.695155E-2,1.079755E-2
7.759967E0,-2.885831E-1,-5.713235E-2,4.750407E-1
7.776656E0,-2.893853E-1,-4.853796E-2,6.008384E-1
7.793344E0,-2.902032E-1,-3.980577E-2,-2.853589E-2
7.810033E0,-2.907140E-1,-4.477086E-2,-6.221493E-1
7.826722E0,-2.916975E-1,-6.505904E-2,-2.409815E-1
7.843411E0,-2.928855E-1,-5.486989E-2,-1.160775E-1
7.860100E0,-2.935290E-1,-6.029354E-2,1.636534E-1
7.876789E0,-2.948979E-1,-6.095773E-2,1.816435E-2
7.893478E0,-2.955636E-1,-4.922771E-2,9.139939E-3
7.910167E0,-2.965411E-1,-6.536112E-2,-3.965001E-1
7.926856E0,-2.977452E-1,-6.420410E-2,4.078383E-2
7.943544E0,-2.986840E-1,-6.019511E-2,5.988791E-1
7.960233E0,-2.997544E-1,-4.868390E-2,5.442432E-1
7.976922E0,-3.003090E-1,-3.657418E-2,-1.791495E-1
7.993611E0,-3.009752E-1,-5.560397E-2,-5.287437E-1
8.010289E0,-3.021643E-1,-5.986572E-2,-7.976565E-2
8.026978E0,-3.029727E-1,-5.220995E-2,-1.216806E-1
8.043667E0,-3.039070E-1,-6.528477E-2,2.799853E-1
8.060356E0,-3.051517E-1,-4.868382E-2,-3.234916E-3
8.077044E0,-3.055319E-1,-5.242778E-2,6.778287E-2
8.093733E0,-3.069017E-1,-6.152763E-2,-5.095120E-2
8.110422E0,-3.075856E-1,-4.364231E-2,3.180799E-1
8.127111E0,-3.083584E-1,-5.356880E-2,2.875424E-2
8.143800E0,-3.093736E-1,-4.643491E-2,-2.508503E-1
8.160489E0,-3.099082E-1,-5.369570E-2,-2.112622E-1
8.177178E0,-3.111658E-1,-6.343466E-2,-1.607304E-1
8.193867E0,-3.120256E-1,-5.242968E-2,-4.152169E-2
8.210556E0,-3.129158E-1,-6.510507E-2,3.534486E-2
8.227244E0,-3.141986E-1,-5.729677E-2,3.123898E-1
8.243922E0,-3.148276E-1,-4.620634E-2,3.329859E-1
8.260611E0,-3.157404E-1,-5.180616E-2,-2.344405E-2
8.277300E0,-3.165568E-1,-4.543277E-2,-2.436571E-1
8.293989E0,-3.172568E-1,-5.717827E-2,-2.082582E-1
8.310678E0,-3.184653E-1,-5.913185E-2,-1.152830E-1
8.327367E0,-3.192305E-1,-5.390518E-2,1.396005E-1
8.344056E0,-3.202645E-1,-5.908140E-2,4.492143E-2
8.360744E0,-3.212025E-1,-5.115468E-2,-1.150871E-1
8.377433E0,-3.219719E-1,-5.991777E-2,-1.848429E-1
8.394122E0,-3.232024E-1,-6.345947E-2,5.880243E-1
8.410811E0,-3.240901E-1,-3.760869E-2,2.528125E-1
8.427500E0,-3.244577E-1,-4.828605E-2,-2.434183E-1
8.444189E0,-3.257018E-1,-5.784643E-2,-5.307523E-1
8.460878E0,-3.263885E-1,-5.545188E-2,1.913411E-1
8.477556E0,-3.275520E-1,-5.942173E-2,-1.281805E-1
8.494244E0,-3.283712E-1,-5.401814E-2,-4.963673E-2
8.510933E0,-3.293550E-1,-6.331685E-2,2.946623E-2
8.527622E0,-3.304846E-1,-5.534120E-2,5.221492E-2
8.544311E0,-3.312022E-1,-5.562042E-2,2.956632E-1
8.561000E0,-3.323411E-1,-5.301727E-2,3.676140E-1
8.577689E0,-3.329718E-1,-3.727140E-2,-2.515792E-2
8.594378E0,-3.335851E-1,-5.349173E-2,-5.089749E-1
8.611067E0,-3.347572E-1,-6.050675E-2,-3.602839E-1
8.627756E0,-3.356047E-1,-5.915108E-2,1.481184E-1
8.644444E0,-3.367315E-1,-6.036598E-2,2.671418E-1
8.661133E0,-3.376196E-1,-4.777139E-2,6.627581E-2
8.677822E0,-3.383261E-1,-5.571073E-2,-3.433708E-1
8.694511E0,-3.394791E-1,-6.448903E-2,-1.890379E-1
8.711200E0,-3.404786E-1,-5.894932E-2,4.331307E-1
8.727878E0,-3.414460E-1,-5.138100E-2,4.927409E-1
8.744567E0,-3.421930E-1,-4.124033E-2,-9.754752E-2
8.761256E0,-3.428225E-1,-5.245348E-2,-4.858976E-1
8.777944E0,-3.439437E-1,-6.279622E-2,-1.299115E-1
8.794633E0,-3.449185E-1,-5.405401E-2,4.112436E-2
8.811322E0,-3.457479E-1,-5.941766E-2,2.404881E-1
8.828011E0,-3.469018E-1,-5.188975E-2,-1.138854E-1
8.844700E0,-3.474799E-1,-5.412047E-2,-1.466120E-2
8.861389E0,-3.487082E-1,-6.205657E-2,-1.104526E-1
8.878078E0,-3.495512E-1,-5.157571E-2,5.360656E-1
8.894767E0,-3.504297E-1,-4.693064E-2,9.975573E-2
8.911456E0,-3.511177E-1,-4.580960E-2,-3.880156E-1
8.928144E0,-3.519587E-1,-6.057142E-2,-2.444183E-1
8.944822E0,-3.531387E-1,-5.802662E-2,9.423696E-2
8.961522E0,-3.538955E-1,-5.145896E-2,-9.405267E-2
8.978200E0,-3.548563E-1,-6.385096E-2,-7.729731E-3
8.994889E0,-3.560260E-1,-5.481295E-2,1.351658E-2
9.011578E0,-3.566859E-1,-5.579846E-2,-9.740136E-2
9.028267E0,-3.578884E-1,-6.578698E-2,3.335043E-2
9.044956E0,-3.588817E-1,-5.168933E-2,7.227769E-3
9.061644E0,-3.596137E-1,-6.166218E-2,2.081772E-1
9.078333E0,-3.609398E-1,-5.450953E-2,4.202312E-2
9.095022E0,-3.614331E-1,-4.795841E-2,2.175261E-1
9.111711E0,-3.625406E-1,-5.735746E-2,-2.559925E-1
9.128400E0,-3.633476E-1,-5.093344E-2,2.020653E-2
9.145089E0,-3.642406E-1,-5.805668E-2,-8.628845E-2
9.161778E0,-3.652854E-1,-5.572580E-2,-9.837741E-3
9.178467E0,-3.661006E-1,-5.492449E-2,-8.203296E-2
9.195144E0,-3.671180E-1,-6.116908E-2,-2.437146E-1
9.211833E0,-3.681416E-1,-6.211502E-2,5.584975E-5
9.228522E0,-3.691913E-1,-6.153688E-2,2.599213E-1
9.245211E0,-3.701956E-1,-5.384501E-2,2.882457E-1
9.261900E0,-3.709885E-1,-4.995142E-2,-4.715130E-2
9.278589E0,-3.718629E-1,-5.644237E-2,2.262180E-1
9.295278E0,-3.728724E-1,-4.536980E-2,-1.271182E-1
9.311967E0,-3.733772E-1,-5.259345E-2,-2.760682E-1
9.328656E0,-3.746279E-1,-6.460583E-2,-2.248283E-1
9.345344E0,-3.755336E-1,-5.399257E-2,2.820170E-1
9.362033E0,-3.764300E-1,-5.622985E-2,-1.082839E-1
9.378722E0,-3.774104E-1,-5.841322E-2,-1.329466E-1
9.395411E0,-3.783797E-1,-5.994616E-2,-6.504284E-2
9.412100E0,-3.794113E-1,-6.124578E-2,1.121411E-2
9.428789E0,-3.804240E-1,-5.935537E-2,-1.057463E-2
9.445467E0,-3.813918E-1,-6.082224E-2,-4.533433E-2
9.462200E0,-3.824561E-1,-6.210481E-2,-2.470563E-1
9.478844E0,-3.834647E-1,-6.735096E-2,2.001705E-1
9.495533E0,-3.847011E-1,-5.967167E-2,1.969375E-1
9.512222E0,-3.854564E-1,-5.430952E-2,4.023102E-3
9.528911E0,-3.865139E-1,-6.408085E-2,-1.356031E-1
9.545600E0,-3.875953E-1,-5.862887E-2,6.676833E-2
9.562289E0,-3.884708E-1,-5.904586E-2,3.058442E-1
9.578978E0,-3.895661E-1,-5.298999E-2,3.519155E-1
9.595667E0,-3.902395E-1,-4.244656E-2,-3.425100E-2
9.612356E0,-3.909829E-1,-5.504001E-2,-4.847802E-1
9.629044E0,-3.920766E-1,-6.185186E-2,-6.492118E-2
9.645733E0,-3.930474E-1,-5.509497E-2,2.590012E-1
9.662422E0,-3.939155E-1,-5.275024E-2,2.865101E-2
9.679111E0,-3.948080E-1,-5.464165E-2,-2.329358E-1
9.695789E0,-3.957387E-1,-6.014264E-2,-1.700933E-1
9.712478E0,-3.968148E-1,-6.176743E-2,-2.596723E-2
9.729167E0,-3.978004E-1,-5.952521E-2,5.706266E-2
9.745856E0,-3.988016E-1,-6.033532E-2,-1.676759E-2
9.762544E0,-3.998142E-1,-6.018553E-2,-1.380258E-1
9.779233E0,-4.008105E-1,-6.412093E-2,-8.802282E-2
9.795922E0,-4.019545E-1,-6.496950E-2,7.359912E-2
9.812611E0,-4.029790E-1,-6.018250E-2,1.930062E-1
9.829300E0,-4.039632E-1,-5.872807E-2,7.275629E-2
9.845989E0,-4.049392E-1,-5.793497E-2,-9.574625E-2
9.862678E0,-4.058970E-1,-6.125049E-2,-7.463836E-2
9.879367E0,-4.069836E-1,-6.204649E-2,-1.824900E-1
9.896056E0,-4.079679E-1,-6.506643E-2,3.786195E-2
9.912733E0,-4.091547E-1,-6.399518E-2,1.422062E-1
9.929422E0,-4.101032E-1,-5.732470E-2,1.479276E-1
9.946111E0,-4.110681E-1,-5.989867E-2,-5.282941E-2
9.962800E0,-4.121025E-1,-5.991094E-2,-1.776736E-1
9.979489E0,-4.130678E-1,-6.405053E-2,3.692930E-1
9.996178E0,-4.142404E-1,-5.223252E-2,1.835048E-1
1.001287E1,-4.148112E-1,-4.967518E-2,1.959986E-1
1.002956E1,-4.158984E-1,-5.424559E-2,-7.587265E-2
1.004624E1,-4.166218E-1,-4.643897E-2,8.057715E-2
1.006293E1,-4.174485E-1,-5.344109E-2,-3.533072E-1
1.007962E1,-4.184055E-1,-5.870976E-2,-5.156908E-2
1.009631E1,-4.194081E-1,-5.562927E-2,-1.936341E-1
1.011300E1,-4.202623E-1,-6.214264E-2,-1.680779E-1
1.012969E1,-4.214822E-1,-6.601708E-2,5.069547E-2
1.014638E1,-4.224658E-1,-5.713978E-2,2.218337E-1
1.016306E1,-4.233888E-1,-5.865361E-2,-6.166470E-2
1.017974E1,-4.244229E-1,-6.058415E-2,-9.273979E-2
1.019643E1,-4.254110E-1,-6.065369E-2,3.920739E-2
1.021312E1,-4.264473E-1,-6.016185E-2,-3.366358E-2
1.022981E1,-4.274190E-1,-6.066816E-2,2.525760E-1
1.024650E1,-4.284723E-1,-5.400708E-2,4.540595E-1
1.026319E1,-4.292217E-1,-4.285471E-2,1.721530E-1
1.027988E1,-4.299027E-1,-4.795546E-2,-2.551087E-1
1.029657E1,-4.308223E-1,-5.387947E-2,-3.678873E-1
1.031326E1,-4.317011E-1,-5.808765E-2,3.054741E-2
1.032994E1,-4.327612E-1,-5.570357E-2,-1.628161E-1
1.034663E1,-4.335603E-1,-5.893449E-2,-1.438909E-1
1.036332E1,-4.347283E-1,-6.542974E-2,-1.768838E-1
1.038001E1,-4.357442E-1,-6.182435E-2,1.361663E-1
1.039670E1,-4.367918E-1,-6.194831E-2,3.312839E-1
1.041338E1,-4.378113E-1,-5.174770E-2,1.451036E-1
1.043007E1,-4.385185E-1,-5.301443E-2,2.711677E-1
1.044676E1,-4.395808E-1,-4.913232E-2,-2.370638E-1
1.046344E1,-4.401584E-1,-5.267814E-2,7.460525E-2
1.048013E1,-4.413390E-1,-5.598621E-2,-7.126072E-2
1.049682E1,-4.420271E-1,-4.738061E-2,2.958240E-2
1.051351E1,-4.429205E-1,-5.819818E-2,-4.084516E-1
1.053020E1,-4.439696E-1,-6.164251E-2,-3.144118E-3
1.054689E1,-4.449780E-1,-5.767932E-2,1.463885E-2
1.056358E1,-4.458948E-1,-5.984406E-2,5.511707E-2
1.058027E1,-4.469754E-1,-5.852288E-2,-7.909678E-2
1.059696E1,-4.478482E-1,-5.904025E-2,4.952533E-4
1.061364E1,-4.489461E-1,-6.190159E-2,-1.644199E-2
1.063032E1,-4.499136E-1,-5.758727E-2,-6.494025E-2
1.064701E1,-4.508676E-1,-6.357272E-2,-1.301805E-1
1.066370E1,-4.520356E-1,-6.457538E-2,-6.602759E-3
1.068039E1,-4.530230E-1,-6.106033E-2,3.718871E-1
1.069708E1,-4.540736E-1,-5.466191E-2,3.192042E-1
1.071377E1,-4.548475E-1,-4.759089E-2,1.661677E-1
1.073046E1,-4.556621E-1,-5.042029E-2,2.903461E-2
1.074714E1,-4.565304E-1,-4.754622E-2,-4.502219E-1
1.076383E1,-4.572491E-1,-6.132893E-2,-1.602115E-1
1.078052E1,-4.585774E-1,-6.135698E-2,8.519422E-2
1.079721E1,-4.592970E-1,-4.972312E-2,1.465974E-1
1.081390E1,-4.602370E-1,-6.037626E-2,-3.542424E-1
1.083059E1,-4.613123E-1,-6.209480E-2,-2.157893E-2
1.084728E1,-4.623096E-1,-5.983992E-2,1.308755E-1
1.086397E1,-4.633096E-1,-5.833232E-2,-8.818251E-2
1.088064E1,-4.642560E-1,-6.163237E-2,7.820957E-2
1.089733E1,-4.653661E-1,-5.848161E-2,5.762514E-2
1.091402E1,-4.662080E-1,-5.591222E-2,-1.778695E-2
1.093071E1,-4.672323E-1,-6.173361E-2,-3.389566E-1
1.094740E1,-4.682685E-1,-6.598981E-2,1.488835E-1
1.096409E1,-4.694349E-1,-5.933531E-2,9.411662E-2
1.098078E1,-4.702490E-1,-5.796391E-2,2.875067E-1
1.099747E1,-4.713696E-1,-5.552999E-2,-3.223033E-1
1.101416E1,-4.721024E-1,-6.156852E-2,-1.707068E-1
1.103084E1,-4.734246E-1,-6.934327E-2,2.143902E-1
1.104753E1,-4.744170E-1,-5.036681E-2,8.858746E-1
1.106422E1,-4.751057E-1,-3.892291E-2,6.779595E-2
1.108091E1,-4.757161E-1,-4.721275E-2,-9.093763E-1
1.109760E1,-4.766816E-1,-7.080072E-2,-2.381898E-1
1.111429E1,-4.780793E-1,-6.066211E-2,1.570524E-1
1.113097E1,-4.787057E-1,-5.467922E-2,2.947803E-1
1.114766E1,-4.799038E-1,-6.059953E-2,-1.117186E-1
1.116434E1,-4.807284E-1,-5.232802E-2,5.712067E-2
1.118103E1,-4.816504E-1,-6.039025E-2,-1.440614E-1
1.119772E1,-4.827441E-1,-5.925417E-2,-8.781110E-2
1.121432E1,-4.836229E-1,-5.973573E-2,2.795195E-2
1.123110E1,-4.847379E-1,-6.165460E-2,-2.974583E-2
1.124779E1,-4.856862E-1,-5.810723E-2,5.496449E-3
1.126448E1,-4.866774E-1,-6.229930E-2,-8.407764E-2
1.128117E1,-4.877656E-1,-6.201734E-2,-3.169089E-2
1.129786E1,-4.887474E-1,-6.162930E-2,4.185063E-3
1.131454E1,-4.898227E-1,-6.329664E-2,2.508137E-1
1.133123E1,-4.908601E-1,-5.373629E-2,5.118887E-2
1.134792E1,-4.916163E-1,-5.758932E-2,-2.110815E-1
1.136461E1,-4.927823E-1,-6.605982E-2,-2.466957E-1
1.138129E1,-4.938205E-1,-6.289816E-2,3.399933E-1
1.139798E1,-4.948810E-1,-5.644573E-2,6.105856E-1
1.141467E1,-4.957045E-1,-4.150063E-2,1.168558E-1
1.143136E1,-4.962662E-1,-4.911037E-2,-3.488661E-1
1.144804E1,-4.973437E-1,-5.941684E-2,-3.428051E-1
1.146473E1,-4.982494E-1,-5.654804E-2,1.411013E-1
1.148142E1,-4.992312E-1,-5.643565E-2,-1.761875E-1
1.149811E1,-5.001331E-1,-6.049775E-2,-4.411091E-2
1.151480E1,-5.012504E-1,-6.095093E-2,1.353423E-1
1.153149E1,-5.021675E-1,-5.354460E-2,8.991590E-3
1.154818E1,-5.030376E-1,-5.998556E-2,-2.500441E-1
1.156487E1,-5.041697E-1,-6.477052E-2,-1.252500E-1
1.158156E1,-5.051995E-1,-6.213226E-2,1.757984E-1
1.159823E1,-5.062428E-1,-5.985915E-2,4.877352E-1
1.161492E1,-5.071968E-1,-4.653427E-2,-8.075503E-2
1.163161E1,-5.077960E-1,-5.688193E-2,-9.682807E-2
1.164830E1,-5.090954E-1,-5.985103E-2,-4.469641E-1
1.166499E1,-5.097937E-1,-6.093147E-2,7.972041E-2
1.168168E1,-5.111292E-1,-6.706726E-2,3.475787E-1
1.169837E1,-5.120323E-1,-4.430363E-2,6.246283E-1
1.171506E1,-5.126080E-1,-4.391945E-2,-1.464756E-1
1.173174E1,-5.134982E-1,-5.329464E-2,-6.356394E-1
1.174843E1,-5.143868E-1,-6.245813E-2,-2.625514E-1
1.176512E1,-5.155829E-1,-6.556986E-2,5.513798E-2
1.178181E1,-5.165754E-1,-5.779640E-2,2.511195E-1
1.179850E1,-5.175121E-1,-5.740045E-2,1.236579E-1
1.181519E1,-5.184913E-1,-5.482225E-2,-1.148476E-1
1.183188E1,-5.193419E-1,-5.884666E-2,-1.895974E-1
1.184856E1,-5.204548E-1,-6.430797E-2,-1.053396E-1
1.186524E1,-5.214876E-1,-6.070344E-2,1.999101E-1
1.188193E1,-5.224809E-1,-5.785757E-2,1.746953E-1
1.189862E1,-5.234188E-1,-5.477088E-2,3.728891E-1
1.191531E1,-5.243091E-1,-4.625427E-2,-1.466169E-2
1.193200E1,-5.249627E-1,-5.165364E-2,-2.142320E-1
1.194869E1,-5.260332E-1,-5.875617E-2,-4.555071E-1
1.196538E1,-5.269238E-1,-6.226311E-2,4.223341E-1
1.198207E1,-5.281114E-1,-5.086900E-2,8.931259E-2
1.199876E1,-5.286217E-1,-4.951029E-2,-8.221990E-2
1.201544E1,-5.297639E-1,-6.273532E-2,-2.740149E-1
1.203213E1,-5.307157E-1,-5.466053E-2,-1.543561E-2
1.204882E1,-5.315884E-1,-6.200126E-2,-1.082398E-1
1.206551E1,-5.327851E-1,-6.269678E-2,-1.039449E-1
1.208219E1,-5.336803E-1,-6.053826E-2,1.182090E-1
1.209888E1,-5.348051E-1,-6.266371E-2,1.001021E-2
1.211557E1,-5.357719E-1,-5.785965E-2,7.211557E-2
1.213226E1,-5.367363E-1,-6.052171E-2,-5.934588E-2
1.214894E1,-5.377920E-1,-6.095973E-2,-5.944720E-2
1.216563E1,-5.387710E-1,-6.111005E-2,2.097716E-1
1.218232E1,-5.398317E-1,-5.605624E-2,2.663636E-1
1.219901E1,-5.406421E-1,-4.958085E-2,-2.773854E-1
1.221570E1,-5.414866E-1,-6.466965E-2,-3.321539E-1
1.223239E1,-5.428006E-1,-6.631377E-2,-7.178250E-2
1.224908E1,-5.437000E-1,-6.055597E-2,9.227519E-1
1.226577E1,-5.448218E-1,-4.269552E-2,1.246164E-1
1.228246E1,-5.451251E-1,-4.465503E-2,-2.518511E-1
1.229914E1,-5.463123E-1,-6.331080E-2,-6.401903E-1
1.231582E1,-5.472376E-1,-5.944185E-2,1.627053E-1
1.233251E1,-5.482957E-1,-6.052943E-2,1.701346E-1
1.234920E1,-5.492579E-1,-5.301850E-2,2.094492E-1
1.236589E1,-5.500653E-1,-5.209322E-2,-3.010333E-1
1.238258E1,-5.509967E-1,-6.366684E-2,-4.096822E-1
1.239927E1,-5.521904E-1,-6.798854E-2,1.714681E-1
1.241596E1,-5.532660E-1,-5.688955E-2,3.252219E-1
1.243264E1,-5.540892E-1,-5.471022E-2,-2.813416E-1
1.244933E1,-5.550921E-1,-6.779665E-2,-2.090225E-1
1.246602E1,-5.563521E-1,-6.466769E-2,2.560178E-1
1.248271E1,-5.572505E-1,-5.490218E-2,1.374820E-1
1.249940E1,-5.581846E-1,-6.118703E-2,-1.485915E-1
1.251609E1,-5.592928E-1,-6.184973E-2,-4.490546E-2
1.253278E1,-5.602490E-1,-6.022201E-2,1.034044E-1
1.254947E1,-5.613029E-1,-6.031347E-2,-3.605662E-2
1.256614E1,-5.622615E-1,-5.986769E-2,3.303628E-2
1.258283E1,-5.633005E-1,-6.053301E-2,-9.722932E-2
1.259952E1,-5.642820E-1,-6.182494E-2,2.223840E-2
1.261621E1,-5.653641E-1,-6.139101E-2,6.414580E-2
1.263290E1,-5.663311E-1,-5.822708E-2,2.876331E-1
1.264959E1,-5.673076E-1,-5.313301E-2,-2.153078E-1
1.266628E1,-5.681045E-1,-6.182574E-2,-4.073897E-1
1.268297E1,-5.693712E-1,-7.206694E-2,-1.919437E-1
1.269966E1,-5.705100E-1,-6.551627E-2,9.130658E-1
1.271634E1,-5.715579E-1,-4.404030E-2,2.989948E-1
1.273303E1,-5.719799E-1,-4.740602E-2,-3.223399E-1
1.274972E1,-5.731403E-1,-6.451522E-2,-5.364094E-1
1.276641E1,-5.741333E-1,-6.056595E-2,5.759787E-1
1.278310E1,-5.751618E-1,-4.822501E-2,2.492458E-1
1.279979E1,-5.757429E-1,-4.660249E-2,-2.970602E-1
1.281647E1,-5.767168E-1,-6.280186E-2,-3.995305E-1
1.283316E1,-5.778384E-1,-6.046557E-2,1.910688E-2
1.284984E1,-5.787350E-1,-5.885145E-2,-6.652760E-3
1.286653E1,-5.798028E-1,-6.322447E-2,-6.617224E-2
1.288322E1,-5.808453E-1,-6.040595E-2,7.295478E-2
1.289991E1,-5.818190E-1,-6.006262E-2,2.006956E-1
1.291660E1,-5.828500E-1,-5.540402E-2,-3.423498E-2
1.293329E1,-5.836682E-1,-5.787368E-2,-1.692885E-1
1.294998E1,-5.847817E-1,-6.477181E-2,-1.500680E-1
1.296667E1,-5.858302E-1,-6.128194E-2,1.206834E-1
1.298336E1,-5.868272E-1,-6.047681E-2,7.693140E-2
1.300004E1,-5.878488E-1,-5.940293E-2,2.149334E-1
1.301673E1,-5.888099E-1,-5.329481E-2,-1.658414E-1
1.303342E1,-5.896276E-1,-6.211617E-2,-2.117248E-1
1.305010E1,-5.908825E-1,-6.604793E-2,-1.617062E-1
1.306679E1,-5.918314E-1,-6.223221E-2,2.471292E-1
1.308348E1,-5.929597E-1,-6.149836E-2,-7.847697E-2
1.310017E1,-5.938841E-1,-6.146969E-2,2.161903E-2
1.311686E1,-5.950114E-1,-6.390712E-2,-6.276886E-2
1.313354E1,-5.960172E-1,-6.148145E-2,1.489567E-1
1.315023E1,-5.970635E-1,-6.016536E-2,8.558445E-2
1.316692E1,-5.980254E-1,-5.771526E-2,-8.646748E-2
1.318361E1,-5.989900E-1,-6.273229E-2,-2.015161E-1
1.320030E1,-6.001192E-1,-6.606756E-2,-1.665624E-2
1.321699E1,-6.011951E-1,-6.241947E-2,2.122127E-1
1.323368E1,-6.022026E-1,-5.884500E-2,1.489941E-1
1.325037E1,-6.031593E-1,-5.730555E-2,-1.160737E-1
1.326706E1,-6.041154E-1,-6.224733E-2,-1.831782E-1
1.328373E1,-6.052362E-1,-6.514307E-2,4.150798E-2
1.330042E1,-6.062890E-1,-5.999434E-2,2.187242E-1
1.331711E1,-6.072387E-1,-5.719243E-2,5.354454E-2
1.333380E1,-6.081979E-1,-5.857270E-2,-2.538766E-1
1.335049E1,-6.091937E-1,-6.515502E-2,-1.228403E-1
1.336718E1,-6.103727E-1,-6.490350E-2,2.067828E-1
1.338387E1,-6.113601E-1,-5.624687E-2,1.136951E-1
1.340056E1,-6.122501E-1,-6.012359E-2,-1.573379E-1
1.341724E1,-6.133669E-1,-6.423975E-2,-1.968982E-1
1.343393E1,-6.143942E-1,-6.453446E-2,2.385269E-1
1.345062E1,-6.155209E-1,-5.876045E-2,8.392035E-4
1.346731E1,-6.163555E-1,-6.013593E-2,3.527030E-1
1.348400E1,-6.175281E-1,-5.352132E-2,1.612263E-1
1.350069E1,-6.181420E-1,-4.705817E-2,1.290937E-1
1.351738E1,-6.190988E-1,-5.490809E-2,-1.459120E-1
1.353406E1,-6.199741E-1,-5.011321E-2,-4.571119E-2
1.355074E1,-6.207709E-1,-5.504941E-2,-1.937306E-1
1.356743E1,-6.218115E-1,-5.940407E-2,-4.532584E-2
1.358412E1,-6.227537E-1,-5.489909E-2,-9.147324E-3
1.360081E1,-6.236439E-1,-5.889282E-2,-1.292916E-1
1.361750E1,-6.247194E-1,-6.145039E-2,-6.054678E-2
1.363419E1,-6.256950E-1,-5.916464E-2,5.539780E-2
1.365088E1,-6.266942E-1,-6.018607E-2,-1.552840E-1
1.366757E1,-6.277039E-1,-6.385690E-2,1.919402E-2
1.368426E1,-6.288256E-1,-6.130381E-2,1.427741E-1
1.370094E1,-6.297500E-1,-5.673225E-2,1.130182E-1
1.371763E1,-6.307192E-1,-5.867212E-2,8.112423E-2
1.373432E1,-6.317084E-1,-5.466383E-2,9.902494E-2
1.375101E1,-6.325437E-1,-5.349381E-2,-4.580690E-3
1.376769E1,-6.334933E-1,-5.652748E-2,1.515585E-1
1.378438E1,-6.344299E-1,-4.885636E-2,6.770776E-3
1.380107E1,-6.351240E-1,-5.267959E-2,1.863562E-2
1.381776E1,-6.361882E-1,-5.385510E-2,-1.467180E-1
1.383444E1,-6.369216E-1,-5.200933E-2,-2.448494E-1
1.385113E1,-6.379241E-1,-6.503843E-2,-3.694071E-1
1.386782E1,-6.390924E-1,-6.528026E-2,1.785006E-1
1.388451E1,-6.401031E-1,-5.746394E-2,2.667207E-1
1.390120E1,-6.410104E-1,-5.594365E-2,-9.920644E-2
1.391789E1,-6.419703E-1,-6.114806E-2,-8.726488E-2
1.393458E1,-6.430514E-1,-6.030774E-2,-4.180181E-2
1.395127E1,-6.439833E-1,-6.013327E-2,-9.132806E-2
1.396796E1,-6.450585E-1,-6.512342E-2,1.117416E-1
1.398464E1,-6.461569E-1,-5.723661E-2,9.534598E-2
1.400132E1,-6.469683E-1,-5.805944E-2,4.052422E-1
1.401801E1,-6.480942E-1,-5.009706E-2,3.064919E-1
1.403470E1,-6.486405E-1,-4.040941E-2,-1.457287E-1
1.405139E1,-6.494430E-1,-5.819173E-2,-7.501472E-1
1.406808E1,-6.505828E-1,-6.737045E-2,-6.348821E-2
1.408477E1,-6.516916E-1,-5.958273E-2,4.922652E-1
1.410146E1,-6.525715E-1,-4.956293E-2,2.475602E-1
1.411814E1,-6.533459E-1,-5.077334E-2,-2.732518E-1
1.413483E1,-6.542662E-1,-5.972786E-2,-2.434566E-1
1.415152E1,-6.553395E-1,-6.017643E-2,-1.586692E-1
1.416821E1,-6.562748E-1,-6.229337E-2,4.928947E-1
1.418490E1,-6.574187E-1,-4.890814E-2,-6.721982E-2
1.420159E1,-6.579072E-1,-5.443696E-2,-2.748196E-1
1.421828E1,-6.592357E-1,-6.951841E-2,1.249693E-1
1.423497E1,-6.602276E-1,-4.576033E-2,1.430366E-2
1.425164E1,-6.607626E-1,-6.225729E-2,-1.907849E-1
1.426834E1,-6.623056E-1,-6.641469E-2,-8.526503E-3
1.428502E1,-6.629794E-1,-4.950194E-2,6.075262E-1
1.430171E1,-6.639573E-1,-5.322770E-2,-3.560290E-1
1.431840E1,-6.647560E-1,-5.719499E-2,6.559160E-2
1.433509E1,-6.658663E-1,-5.598074E-2,3.737560E-1
1.435178E1,-6.666245E-1,-4.100344E-2,-1.485822E-1
1.436847E1,-6.672349E-1,-5.810732E-2,-6.310337E-1
1.438516E1,-6.685640E-1,-7.019791E-2,-2.289656E-1
1.440184E1,-6.695780E-1,-6.007489E-2,3.006670E-1
1.441853E1,-6.705692E-1,-6.107475E-2,-3.310154E-2
1.443522E1,-6.716165E-1,-6.188359E-2,1.729786E-1
1.445191E1,-6.726347E-1,-5.558529E-2,-4.093186E-2
1.446860E1,-6.734719E-1,-6.038711E-2,-1.241041E-1
1.448528E1,-6.746496E-1,-6.433251E-2,-1.741484E-1
1.450197E1,-6.756184E-1,-6.232097E-2,4.267329E-2
1.451866E1,-6.767298E-1,-6.520059E-2,-5.731379E-2
1.453534E1,-6.777947E-1,-6.329928E-2,3.181986E-1
1.455203E1,-6.788425E-1,-5.565234E-2,4.248164E-1
1.456872E1,-6.796522E-1,-4.732390E-2,1.802740E-1
1.458541E1,-6.804221E-1,-4.979150E-2,-3.960679E-1
1.460210E1,-6.813141E-1,-6.072092E-2,-3.739751E-1
1.461879E1,-6.824488E-1,-6.434872E-2,1.400860E-1
1.463548E1,-6.834620E-1,-5.480846E-2,1.784099E-1
1.465217E1,-6.842782E-1,-5.618920E-2,3.493542E-1
1.466886E1,-6.853374E-1,-4.824471E-2,-1.821448E-1
1.468554E1,-6.858885E-1,-5.389726E-2,-4.644936E-1
1.470223E1,-6.871364E-1,-7.224835E-2,-2.583632E-1
1.471892E1,-6.883000E-1,-6.019812E-2,4.666864E-1
1.473560E1,-6.891450E-1,-5.386816E-2,1.493094E-1
1.475229E1,-6.900974E-1,-5.742777E-2,-4.770611E-1
1.476898E1,-6.910618E-1,-6.795830E-2,-6.270246E-2
1.478567E1,-6.923657E-1,-6.434442E-2,2.192341E-1
1.480236E1,-6.932095E-1,-5.466312E-2,2.201429E-1
1.481904E1,-6.941902E-1,-5.996670E-2,-1.061866E-1
1.483573E1,-6.952111E-1,-5.836447E-2,-1.341591E-1
1.485242E1,-6.961383E-1,-6.248366E-2,-7.867434E-2
1.486911E1,-6.972966E-1,-6.412303E-2,-4.830968E-2
1.488580E1,-6.982786E-1,-6.125343E-2,1.778885E-1
1.490249E1,-6.993411E-1,-6.013404E-2,5.403907E-2
1.491918E1,-7.002857E-1,-5.790915E-2,-5.941469E-4
1.493587E1,-7.012740E-1,-6.080499E-2,-4.602020E-2
1.495256E1,-7.023153E-1,-6.006706E-2,-4.384472E-2
1.496923E1,-7.032782E-1,-6.093207E-2,-7.057574E-2
1.498592E1,-7.043484E-1,-6.371323E-2,-1.595209E-2
1.500261E1,-7.054048E-1,-6.117260E-2,2.374222E-2
1.501930E1,-7.063902E-1,-6.195443E-2,1.733644E-2
1.503599E1,-7.074727E-1,-6.212259E-2,3.474580E-2
1.505268E1,-7.084637E-1,-5.956743E-2,8.738385E-2
1.506937E1,-7.094610E-1,-5.966514E-2,6.855159E-2
1.508606E1,-7.104552E-1,-5.751955E-2,-1.568993E-1
1.510274E1,-7.113809E-1,-6.322047E-2,-1.510472E-1
1.511943E1,-7.125654E-1,-6.580843E-2,-6.177630E-2
1.513612E1,-7.135774E-1,-6.244120E-2,5.514035E-1
1.515281E1,-7.146495E-1,-5.060425E-2,3.374988E-1
1.516950E1,-7.152664E-1,-4.576602E-2,-5.368180E-2
1.518619E1,-7.161771E-1,-5.658960E-2,-4.061138E-1
1.520287E1,-7.171547E-1,-5.864552E-2,6.168276E-2
1.521956E1,-7.181339E-1,-5.479435E-2,3.452771E-1
1.523624E1,-7.189836E-1,-4.660505E-2,-2.519215E-2
1.525293E1,-7.196894E-1,-5.337574E-2,-4.670918E-1
1.526962E1,-7.207651E-1,-6.578643E-2,-2.641754E-1
1.528631E1,-7.218853E-1,-6.175677E-2,2.479881E-1
1.530300E1,-7.228264E-1,-5.586333E-2,1.610304E-1
1.531969E1,-7.237498E-1,-5.678754E-2,-1.879110E-1
1.533638E1,-7.247219E-1,-6.207973E-2,-8.673294E-2
1.535307E1,-7.258219E-1,-6.123836E-2,-1.207503E-1
1.536976E1,-7.267659E-1,-6.326789E-2,1.226065E-1
1.538644E1,-7.279337E-1,-6.101076E-2,1.829382E-1
1.540313E1,-7.288023E-1,-5.344333E-2,2.021882E-2
1.541982E1,-7.297175E-1,-6.111829E-2,-2.564903E-1
1.543651E1,-7.308423E-1,-6.409256E-2,-5.636160E-2
1.545319E1,-7.318560E-1,-6.112118E-2,1.457955E-1
1.546988E1,-7.328817E-1,-5.999239E-2,3.259112E-4
1.548657E1,-7.338585E-1,-6.035931E-2,-4.349888E-2
1.550326E1,-7.348963E-1,-6.217827E-2,-4.146023E-2
1.551994E1,-7.359338E-1,-6.156419E-2,4.734034E-3
1.553663E1,-7.369512E-1,-6.173896E-2,-2.198772E-3
1.555332E1,-7.379945E-1,-6.201684E-2,-1.993452E-4
1.557001E1,-7.390212E-1,-6.149529E-2,-2.238363E-2
1.558670E1,-7.400471E-1,-6.265928E-2,5.360378E-2
1.560339E1,-7.411126E-1,-6.052304E-2,7.380539E-2
1.562008E1,-7.420672E-1,-5.884235E-2,-4.659494E-2
1.563677E1,-7.430767E-1,-6.270493E-2,-7.189792E-2
1.565346E1,-7.441602E-1,-6.205240E-2,-8.849102E-3
1.567014E1,-7.451478E-1,-6.154728E-2,3.995638E-2
1.568682E1,-7.462138E-1,-6.208019E-2,-4.213693E-2
1.570351E1,-7.472192E-1,-6.184969E-2,3.843664E-2
1.572020E1,-7.482782E-1,-6.173974E-2,-1.857175E-2
1.573689E1,-7.492800E-1,-6.153471E-2,1.014750E-1
1.575358E1,-7.503321E-1,-5.953097E-2,2.566660E-1
1.577027E1,-7.512670E-1,-5.228191E-2,3.138888E-1
1.578696E1,-7.520772E-1,-4.849588E-2,7.799387E-2
1.580364E1,-7.528857E-1,-4.997884E-2,-1.552109E-1
1.582033E1,-7.537454E-1,-5.379559E-2,-1.962109E-1
1.583702E1,-7.546812E-1,-5.685097E-2,-2.048435E-1
1.585371E1,-7.556429E-1,-6.016417E-2,-3.434048E-3
1.587040E1,-7.566894E-1,-5.822185E-2,2.161229E-1
1.588709E1,-7.575862E-1,-5.161043E-2,-8.355214E-3
1.590378E1,-7.584120E-1,-5.742094E-2,-4.221590E-1
1.592046E1,-7.595022E-1,-6.791798E-2,-1.288117E-2
1.593714E1,-7.606782E-1,-5.906501E-2,1.826465E-1
1.595383E1,-7.614736E-1,-5.686057E-2,1.473342E-1
1.597052E1,-7.625761E-1,-5.936210E-2,-3.040810E-1
1.598721E1,-7.634550E-1,-6.239212E-2,-9.668532E-2
1.600390E1,-7.646586E-1,-6.705016E-2,1.551969E-2
1.602059E1,-7.656930E-1,-5.940357E-2,3.037791E-1
1.603728E1,-7.666414E-1,-5.689012E-2,1.173841E-2
1.605397E1,-7.675919E-1,-5.909202E-2,-2.128131E-1
1.607066E1,-7.686137E-1,-6.417512E-2,-3.070023E-2
1.608734E1,-7.697339E-1,-6.146052E-2,5.216465E-2
1.610403E1,-7.706652E-1,-5.982244E-2,-5.367200E-2
1.612072E1,-7.717306E-1,-6.503818E-2,-7.493470E-2
1.613741E1,-7.728360E-1,-6.260868E-2,8.907570E-2
1.615410E1,-7.738204E-1,-6.064525E-2,1.077004E-1
1.617078E1,-7.748595E-1,-6.030502E-2,-1.276467E-1
1.618747E1,-7.758325E-1,-6.336109E-2,5.015139E-2
1.620416E1,-7.769744E-1,-6.134953E-2,7.002378E-2
1.622084E1,-7.778802E-1,-5.778143E-2,6.281485E-2
1.623753E1,-7.789030E-1,-6.126551E-2,-2.745179E-2
1.625422E1,-7.799252E-1,-5.857469E-2,-9.598430E-2
1.627091E1,-7.808581E-1,-6.273186E-2,-1.349966E-1
1.628760E1,-7.820190E-1,-6.593285E-2,5.067065E-2
1.630429E1,-7.830588E-1,-5.943698E-2,1.772341E-1
1.632098E1,-7.840029E-1,-5.932371E-2,-1.976952E-1
1.633767E1,-7.850389E-1,-6.658706E-2,-7.990034E-2
1.635436E1,-7.862254E-1,-6.391263E-2,6.396343E-1
1.637104E1,-7.871721E-1,-4.431358E-2,4.831291E-1
1.638773E1,-7.877045E-1,-4.359566E-2,-5.481762E-1
1.640442E1,-7.886273E-1,-6.618804E-2,-3.219956E-1
1.642110E1,-7.899130E-1,-5.845326E-2,2.704539E-1
1.643779E1,-7.905776E-1,-4.896656E-2,4.297353E-1
1.645448E1,-7.915474E-1,-5.045702E-2,-2.427923E-1
1.647117E1,-7.922618E-1,-5.223298E-2,-2.959720E-1
1.648786E1,-7.932908E-1,-6.381349E-2,-4.600442E-1
1.650454E1,-7.943917E-1,-6.674663E-2,1.135860E-1
1.652123E1,-7.955186E-1,-6.088491E-2,2.556759E-1
1.653792E1,-7.964239E-1,-5.595985E-2,1.792648E-1
1.655461E1,-7.973865E-1,-5.650648E-2,-1.571578E-1
1.657130E1,-7.983100E-1,-5.996595E-2,-1.394822E-1
1.658799E1,-7.993880E-1,-6.289365E-2,-4.283962E-2
1.660468E1,-8.004093E-1,-6.036744E-2,5.717480E-2
1.662137E1,-8.014029E-1,-6.083120E-2,-2.527122E-3
1.663804E1,-8.024390E-1,-6.109675E-2,-2.087923E-2
1.665473E1,-8.034415E-1,-6.091807E-2,-6.485796E-2
1.667142E1,-8.044723E-1,-6.339329E-2,-2.124808E-2
1.668811E1,-8.055574E-1,-6.235295E-2,2.265886E-1
1.670480E1,-8.065535E-1,-5.544116E-2,-1.091172E-1
1.672149E1,-8.074079E-1,-6.341836E-2,-8.009324E-2
1.673818E1,-8.086703E-1,-6.389034E-2,-1.403797E-2
1.675487E1,-8.095405E-1,-5.795432E-2,1.887905E-1
1.677156E1,-8.106046E-1,-6.128263E-2,-1.123628E-1
1.678824E1,-8.115859E-1,-5.999408E-2,4.899144E-2
1.680493E1,-8.126071E-1,-6.044940E-2,-3.696822E-2
1.682162E1,-8.136036E-1,-6.070382E-2,-1.452969E-1
1.683831E1,-8.146333E-1,-6.519002E-2,-3.904675E-2
1.685500E1,-8.157795E-1,-6.359016E-2,1.862900E-1
1.687169E1,-8.167558E-1,-5.722429E-2,9.679787E-3
1.688837E1,-8.176889E-1,-6.268184E-2,-1.043557E-1
1.690506E1,-8.188473E-1,-6.362644E-2,1.182992E-1
1.692174E1,-8.198126E-1,-5.631542E-2,1.242623E-1
1.693843E1,-8.207269E-1,-5.923349E-2,-2.875537E-1
1.695512E1,-8.217897E-1,-6.693642E-2,-7.787397E-2
1.697181E1,-8.229611E-1,-6.313647E-2,1.182877E-1
1.698850E1,-8.238970E-1,-5.995315E-2,2.860560E-1
1.700519E1,-8.249622E-1,-5.671900E-2,-3.488188E-2
1.702188E1,-8.257902E-1,-5.741787E-2,-3.196401E-1
1.703857E1,-8.268787E-1,-6.995773E-2,-2.655995E-1
1.705526E1,-8.281252E-1,-6.754131E-2,3.507549E-1
1.707194E1,-8.291331E-1,-5.613907E-2,3.741279E-1
1.708863E1,-8.299990E-1,-5.448825E-2,1.538778E-1
1.710532E1,-8.309518E-1,-5.294602E-2,-2.919997E-1
1.712201E1,-8.317662E-1,-6.096156E-2,-2.534017E-1
1.713869E1,-8.329859E-1,-6.643619E-2,-9.284929E-2
1.715538E1,-8.339830E-1,-6.031871E-2,7.468350E-2
1.717207E1,-8.349992E-1,-6.451931E-2,-8.860888E-2
1.718876E1,-8.361365E-1,-6.472120E-2,1.024815E-1
1.720544E1,-8.371594E-1,-5.981261E-2,5.114042E-1
1.722213E1,-8.381329E-1,-4.904474E-2,-1.982968E-1
1.723882E1,-8.387964E-1,-6.096066E-2,-2.291778E-1
1.725551E1,-8.401676E-1,-6.633928E-2,2.969617E-1
1.727220E1,-8.410107E-1,-4.437576E-2,2.540082E-1
1.728889E1,-8.416488E-1,-5.585104E-2,-1.113793E-1
1.730558E1,-8.428749E-1,-5.643608E-2,-3.681082E-2
1.732227E1,-8.435325E-1,-4.841121E-2,1.450180E-1
1.733896E1,-8.444907E-1,-5.670323E-2,-4.200806E-1
1.735564E1,-8.454251E-1,-6.033943E-2,-1.363158E-1
1.737232E1,-8.465041E-1,-6.286853E-2,-2.554291E-2
1.738901E1,-8.475229E-1,-6.016470E-2,1.030379E-1
1.740570E1,-8.485122E-1,-5.939827E-2,1.070087E-1
1.742239E1,-8.495054E-1,-5.709729E-2,-1.224248E-1
1.743908E1,-8.504180E-1,-6.176542E-2,3.276242E-2
1.745577E1,-8.515670E-1,-5.968285E-2,-6.837262E-2
1.747246E1,-8.524101E-1,-5.917860E-2,-1.276983E-1
1.748914E1,-8.535423E-1,-6.774391E-2,-1.160024E-1
1.750583E1,-8.546712E-1,-6.251760E-2,2.744539E-1
1.752252E1,-8.556290E-1,-5.716409E-2,2.346760E-1
1.753921E1,-8.565792E-1,-5.555125E-2,-8.315702E-2
1.755590E1,-8.574832E-1,-5.889883E-2,-1.856512E-1
1.757259E1,-8.585451E-1,-6.334099E-2,-2.152657E-1
1.758928E1,-8.595973E-1,-6.505873E-2,-6.241218E-2
1.760596E1,-8.607159E-1,-6.617985E-2,2.230757E-1
1.762264E1,-8.618055E-1,-5.808991E-2,9.793045E-2
1.763933E1,-8.626549E-1,-5.969899E-2,-5.214445E-2
1.765602E1,-8.637982E-1,-6.401703E-2,-3.744041E-2
1.767271E1,-8.647916E-1,-5.854726E-2,-3.232481E-2
1.768940E1,-8.657523E-1,-6.447140E-2,4.221649E-1
1.770609E1,-8.669435E-1,-4.966946E-2,2.384086E-1
1.772278E1,-8.674102E-1,-4.665582E-2,-9.664197E-2
1.773947E1,-8.685008E-1,-6.183785E-2,-3.050461E-1
1.775616E1,-8.694742E-1,-5.380997E-2,2.063715E-1
1.777284E1,-8.702968E-1,-5.355161E-2,-5.200482E-3
1.778953E1,-8.712616E-1,-5.609172E-2,-1.001241E-1
1.780622E1,-8.721691E-1,-5.561597E-2,3.482004E-2
1.782291E1,-8.731180E-1,-5.569672E-2,-1.717660E-1
1.783960E1,-8.740281E-1,-6.006926E-2,-2.614471E-2
1.785628E1,-8.751223E-1,-5.923759E-2,-2.079092E-1
1.787297E1,-8.760046E-1,-6.294581E-2,2.117882E-3
1.788966E1,-8.772233E-1,-6.419354E-2,2.400302E-1
1.790634E1,-8.781473E-1,-5.152196E-2,1.574596E-1
1.792303E1,-8.789430E-1,-5.767269E-2,-2.898941E-1
1.793972E1,-8.800723E-1,-6.498600E-2,-3.069388E-1
1.795641E1,-8.811121E-1,-6.529615E-2,9.772989E-2
1.797310E1,-8.822517E-1,-6.362768E-2,1.431043E-1
1.798979E1,-8.832358E-1,-5.878654E-2,1.803201E-1
1.800648E1,-8.842139E-1,-5.827093E-2,4.173600E-1
1.802317E1,-8.851808E-1,-4.642990E-2,-2.467764E-1
1.803986E1,-8.857636E-1,-5.972506E-2,-1.299415E-1
1.805654E1,-8.871743E-1,-6.264520E-2,-4.357271E-3
1.807322E1,-8.878539E-1,-4.890127E-2,1.743611E-1
1.808992E1,-8.888065E-1,-6.162323E-2,4.690348E-2
1.810660E1,-8.899107E-1,-4.981994E-2,8.076855E-2
1.812329E1,-8.904688E-1,-5.108293E-2,1.616007E-2
1.813998E1,-8.916157E-1,-5.815275E-2,-5.265353E-1
1.815667E1,-8.924098E-1,-6.117440E-2,2.719127E-2
1.817336E1,-8.936576E-1,-6.415573E-2,1.031237E-1
1.819004E1,-8.945512E-1,-5.285616E-2,2.213663E-1
1.820673E1,-8.954218E-1,-5.734727E-2,-2.192999E-1
1.822342E1,-8.964653E-1,-6.184983E-2,-2.023780E-1
1.824011E1,-8.974862E-1,-6.292022E-2,9.394814E-2
1.825680E1,-8.985654E-1,-5.997883E-2,1.802928E-1
1.827349E1,-8.994882E-1,-5.531116E-2,-1.660372E-1
1.829018E1,-9.004116E-1,-6.483771E-2,-2.183818E-1
1.830687E1,-9.016523E-1,-6.646273E-2,-8.836664E-2
1.832354E1,-9.026292E-1,-6.348663E-2,3.433499E-1
1.834023E1,-9.037707E-1,-5.888081E-2,1.289233E-1
1.835692E1,-9.045946E-1,-5.494453E-2,-9.717363E-3
1.837361E1,-9.056046E-1,-6.195341E-2,-1.938043E-1
1.839030E1,-9.066624E-1,-6.132034E-2,-1.776656E-1
1.840699E1,-9.076513E-1,-6.611006E-2,5.069632E-2
1.842368E1,-9.088690E-1,-6.326676E-2,6.150169E-2
1.844037E1,-9.097630E-1,-5.946518E-2,2.556979E-1
1.845706E1,-9.108538E-1,-5.874686E-2,4.011365E-1
1.847374E1,-9.117239E-1,-4.444271E-2,-1.590307E-1
1.849043E1,-9.123372E-1,-5.954642E-2,-6.218193E-1
1.850712E1,-9.137114E-1,-7.400016E-2,-5.317390E-1
1.852381E1,-9.148072E-1,-7.090615E-2,3.576122E-1
1.854050E1,-9.160781E-1,-6.617889E-2,3.483885E-1
1.855719E1,-9.170161E-1,-5.576660E-2,7.005557E-1
1.857387E1,-9.179388E-1,-4.551193E-2,1.032504E-1
1.859056E1,-9.185347E-1,-4.783673E-2,-4.555448E-1
1.860724E1,-9.195355E-1,-6.486358E-2,-1.811913E-1
1.862393E1,-9.206997E-1,-5.557516E-2,5.265488E-1
1.864062E1,-9.213905E-1,-4.239459E-2,1.257547E-1
1.865731E1,-9.221147E-1,-5.240298E-2,-5.800845E-1
1.867400E1,-9.231396E-1,-6.383991E-2,-3.133209E-1
1.869069E1,-9.242456E-1,-6.276852E-2,2.098471E-1
1.870738E1,-9.252347E-1,-5.596068E-2,9.207950E-2
1.872407E1,-9.261134E-1,-5.842590E-2,-6.236876E-2
1.874076E1,-9.271848E-1,-6.066820E-2,-7.959895E-2
1.875744E1,-9.281384E-1,-5.898578E-2,5.872455E-2
1.877413E1,-9.291536E-1,-5.987676E-2,-7.318413E-2
1.879082E1,-9.301369E-1,-6.064501E-2,-1.258726E-1
1.880751E1,-9.311778E-1,-6.443544E-2,2.433444E-2
1.882419E1,-9.322869E-1,-6.097705E-2,9.164175E-2
1.884088E1,-9.332124E-1,-5.898761E-2,-9.944423E-4
1.885757E1,-9.342558E-1,-6.275204E-2,-1.290509E-1
1.887426E1,-9.353069E-1,-6.287257E-2,1.843316E-1
1.889094E1,-9.363543E-1,-5.731284E-2,2.531352E-1
1.890763E1,-9.372199E-1,-5.275545E-2,-6.104283E-2
1.892432E1,-9.381152E-1,-5.954110E-2,-7.033912E-2
1.894101E1,-9.392073E-1,-5.775709E-2,-1.902553E-1
1.895770E1,-9.400430E-1,-6.125826E-2,7.145005E-2
1.897439E1,-9.412519E-1,-6.126029E-2,-6.286474E-2
1.899108E1,-9.420877E-1,-5.750534E-2,-5.751277E-2
1.900777E1,-9.431713E-1,-6.665143E-2,2.633251E-1
1.902446E1,-9.443124E-1,-5.069582E-2,-1.331683E-1
1.904113E1,-9.448629E-1,-6.171209E-2,-1.222472E-1
1.905782E1,-9.463715E-1,-6.860220E-2,2.790881E-1
1.907451E1,-9.471527E-1,-4.264452E-2,2.976995E-1
1.909120E1,-9.477949E-1,-5.782770E-2,-4.137190E-1
1.910789E1,-9.490828E-1,-6.439903E-2,-4.272677E-2
1.912458E1,-9.499444E-1,-5.268961E-2,-1.091558E-1
1.914127E1,-9.508415E-1,-6.811822E-2,-1.726918E-1
1.915796E1,-9.522181E-1,-6.491623E-2,3.803686E-1
1.917464E1,-9.530082E-1,-4.822529E-2,5.563750E-1
1.919133E1,-9.538277E-1,-4.910558E-2,-2.446974E-1
1.920802E1,-9.546473E-1,-5.537337E-2,-4.065895E-1
1.922471E1,-9.556759E-1,-6.411259E-2,-2.812300E-1
1.924140E1,-9.567872E-1,-6.482412E-2,1.152914E-1
1.925809E1,-9.578396E-1,-5.986393E-2,2.319694E-1
1.927478E1,-9.587853E-1,-5.647179E-2,1.224660E-1
1.929146E1,-9.597239E-1,-5.620026E-2,-1.696236E-1
1.930814E1,-9.606606E-1,-6.137646E-2,-1.601541E-1
1.932483E1,-9.617725E-1,-6.348368E-2,-1.096925E-1
1.934152E1,-9.627795E-1,-6.300741E-2,2.123724E-1
1.935821E1,-9.638756E-1,-5.861577E-2,4.043744E-2
1.937490E1,-9.647360E-1,-5.829605E-2,-3.287425E-2
1.939159E1,-9.658214E-1,-6.294638E-2,-2.351782E-1
1.940828E1,-9.668370E-1,-6.411922E-2,9.917961E-2
1.942497E1,-9.679615E-1,-6.168154E-2,2.809334E-2
1.944166E1,-9.688958E-1,-6.044814E-2,-1.849998E-2
1.945834E1,-9.699791E-1,-6.445574E-2,2.231230E-2
1.947503E1,-9.710472E-1,-5.956640E-2,7.933117E-2
1.949172E1,-9.719673E-1,-5.992426E-2,1.611833E-2
1.950841E1,-9.730473E-1,-6.148915E-2,-1.645582E-1
1.952510E1,-9.740197E-1,-6.313864E-2,-8.129363E-2
1.954178E1,-9.751540E-1,-6.630995E-2,1.478732E-1
1.955847E1,-9.762322E-1,-5.796018E-2,6.902764E-1
1.957516E1,-9.770886E-1,-4.281099E-2,3.280919E-1
1.959184E1,-9.776612E-1,-4.412717E-2,-8.409415E-1
1.960853E1,-9.785615E-1,-7.228015E-2,-4.986168E-1
1.962522E1,-9.800737E-1,-6.785705E-2,5.399068E-1
1.964191E1,-9.808264E-1,-4.513283E-2,9.038394E-1
1.965860E1,-9.815802E-1,-4.147685E-2,-4.140210E-1
1.967529E1,-9.822108E-1,-5.537961E-2,-6.394982E-1
1.969198E1,-9.834286E-1,-6.895006E-2,-3.640518E-1
1.970867E1,-9.845122E-1,-6.400087E-2,4.244081E-1
1.972536E1,-9.855648E-1,-5.609147E-2,2.959880E-1
1.974204E1,-9.863844E-1,-5.188534E-2,-1.841477E-2
1.975872E1,-9.872961E-1,-5.802790E-2,-3.668284E-1
1.977541E1,-9.883206E-1,-6.426871E-2,-3.170065E-1
1.979210E1,-9.894412E-1,-6.870313E-2,3.890501E-2
1.980879E1,-9.906138E-1,-6.391040E-2,3.478524E-1
1.982548E1,-9.915744E-1,-5.536961E-2,3.512787E-1
1.984217E1,-9.924619E-1,-5.255502E-2,-1.023070E-1
1.985886E1,-9.933286E-1,-5.804634E-2,-4.439452E-1
1.987554E1,-9.943993E-1,-6.857755E-2,4.002117E-1
1.989223E1,-9.956175E-1,-4.856667E-2,7.017537E-1
1.990892E1,-9.960204E-1,-3.586826E-2,1.236642E-1
1.992561E1,-9.968147E-1,-5.081996E-2,-8.998945E-1
1.994230E1,-9.977166E-1,-6.376106E-2,-5.106143E-1
1.995899E1,-9.989429E-1,-7.059241E-2,4.728088E-2
1.997568E1,-1.000073E0,-6.093620E-2,3.633238E-1
1.999237E1,-1.000977E0,-5.661961E-2,2.661292E-1
2.000904E1,-1.001962E0,-5.440083E-2,-4.362997E-2
2.002573E1,-1.002792E0,-5.554917E-2,-2.941116E-2
2.004242E1,-1.003816E0,-5.815003E-2,-1.692894E-1
2.005911E1,-1.004733E0,-5.888516E-2,-7.640020E-2
2.007580E1,-1.005782E0,-6.235710E-2,-4.909358E-2
2.009249E1,-1.006814E0,-6.007918E-2,-1.341117E-2
2.010918E1,-1.007787E0,-6.184961E-2,-8.614703E-3
2.012587E1,-1.008879E0,-6.211516E-2,3.793010E-1
2.014256E1,-1.009860E0,-4.912030E-2,-3.437997E-2
2.015924E1,-1.010518E0,-5.827343E-2,-3.270423E-1
2.017593E1,-1.011805E0,-6.809414E-2,-4.837618E-1
2.019262E1,-1.012791E0,-6.788994E-2,3.576484E-1
2.020931E1,-1.014071E0,-6.205874E-2,1.518939E-1
2.022600E1,-1.014862E0,-5.612827E-2,1.596791E-1
2.024269E1,-1.015945E0,-6.177763E-2,-2.446168E-1
2.025937E1,-1.016924E0,-6.174473E-2,7.413637E-2
2.027606E1,-1.018005E0,-6.112203E-2,-5.374334E-3
2.029274E1,-1.018964E0,-6.005057E-2,1.048501E-1
2.030943E1,-1.020009E0,-5.935461E-2,-6.863935E-2
2.032612E1,-1.020945E0,-6.041246E-2,-2.426640E-1
2.034281E1,-1.022026E0,-6.861343E-2,-1.669440E-1
2.035950E1,-1.023235E0,-6.721695E-2,4.012068E-1
2.037619E1,-1.024269E0,-5.426893E-2,6.850362E-1
2.039288E1,-1.025047E0,-4.336312E-2,2.687578E-1
2.040957E1,-1.025717E0,-4.481377E-2,-4.589033E-1
2.042626E1,-1.026542E0,-5.909690E-2,5.611347E-2
2.044294E1,-1.027689E0,-4.798525E-2,-2.237953E-1
2.045963E1,-1.028144E0,-5.526684E-2,-1.905167E-1
2.047632E1,-1.029534E0,-6.757697E-2,-1.780114E-1
2.049300E1,-1.030399E0,-5.261844E-2,2.090158E-1
2.050969E1,-1.031290E0,-6.183842E-2,-3.359138E-1
2.052638E1,-1.032463E0,-6.664062E-2,-1.320712E-1
2.054307E1,-1.033514E0,-6.386432E-2,3.355046E-1
2.055976E1,-1.034594E0,-5.728518E-2,1.728972E-1
2.057644E1,-1.035426E0,-5.508203E-2,-5.465659E-2
2.059313E1,-1.036433E0,-6.151261E-2,-3.252549E-1
2.060982E1,-1.037479E0,-6.516542E-2,-7.620154E-2
2.062651E1,-1.038608E0,-6.498039E-2,1.071417E-2
2.064320E1,-1.039648E0,-6.351772E-2,8.429170E-2
2.065989E1,-1.040728E0,-6.312205E-2,2.816439E-1
2.067658E1,-1.041755E0,-5.449087E-2,-1.891681E-2
2.069327E1,-1.042547E0,-6.016022E-2,2.123819E-2
2.070996E1,-1.043763E0,-6.023984E-2,7.692527E-2
2.072663E1,-1.044557E0,-5.161230E-2,8.722649E-2
2.074332E1,-1.045485E0,-5.968000E-2,-2.113933E-1
2.076001E1,-1.046549E0,-5.980250E-2,1.717420E-1
2.077670E1,-1.047481E0,-5.268986E-2,-2.627397E-1
2.079339E1,-1.048308E0,-6.589396E-2,-3.635107E-1
2.081008E1,-1.049680E0,-7.149044E-2,9.032337E-2
2.082677E1,-1.050694E0,-5.787021E-2,9.158199E-1
2.084346E1,-1.051612E0,-4.331910E-2,-3.798686E-1
2.086014E1,-1.052140E0,-6.311324E-2,-1.269147E-1
2.087683E1,-1.053719E0,-6.277403E-2,5.219231E-3
2.089352E1,-1.054235E0,-4.704289E-2,2.213669E-1
2.091021E1,-1.055289E0,-6.436123E-2,-2.324449E-1
2.092690E1,-1.056383E0,-5.443840E-2,1.659904E-1
2.094359E1,-1.057106E0,-5.394515E-2,-9.526498E-2
2.096028E1,-1.058184E0,-6.256218E-2,-4.562659E-1
2.097696E1,-1.059193E0,-6.626476E-2,2.219663E-1
2.099364E1,-1.060395E0,-5.893505E-2,2.272609E-1
2.101033E1,-1.061160E0,-5.307962E-2,1.964008E-1
2.102702E1,-1.062166E0,-5.679935E-2,-1.079654E-1
2.104371E1,-1.063056E0,-5.449238E-2,-1.504000E-1
2.106040E1,-1.063985E0,-6.177880E-2,-1.571630E-1
2.107709E1,-1.065118E0,-6.213868E-2,5.062942E-2
2.109378E1,-1.066059E0,-5.742381E-2,9.627930E-2
2.111047E1,-1.067035E0,-5.984569E-2,-5.276548E-1
2.112716E1,-1.068057E0,-7.352631E-2,1.903515E-1
2.114384E1,-1.069489E0,-6.043463E-2,2.068413E-1
2.116053E1,-1.070074E0,-5.479129E-2,2.934270E-1
2.117722E1,-1.071318E0,-6.173736E-2,-1.874610E-1
2.119391E1,-1.072135E0,-5.388291E-2,3.847559E-3
2.121059E1,-1.073116E0,-6.410957E-2,-2.599444E-1
2.122728E1,-1.074274E0,-6.410270E-2,1.880526E-1
2.124397E1,-1.075255E0,-5.595668E-2,2.566511E-1
2.126066E1,-1.076141E0,-5.517525E-2,4.725591E-2
2.127734E1,-1.077097E0,-5.561764E-2,7.228442E-2
2.129403E1,-1.077998E0,-5.224424E-2,-1.513858E-2
2.131072E1,-1.078841E0,-5.519297E-2,3.459359E-2
2.132741E1,-1.079840E0,-5.357508E-2,-3.034313E-1
2.134410E1,-1.080629E0,-6.090474E-2,-2.343833E-1
2.136079E1,-1.081873E0,-6.723532E-2,-9.900559E-2
2.137748E1,-1.082873E0,-6.014660E-2,1.890320E-1
2.139417E1,-1.083881E0,-6.181983E-2,-6.892896E-2
2.141086E1,-1.084937E0,-6.289103E-2,-1.094371E-1
2.142754E1,-1.085980E0,-6.484080E-2,3.718649E-1
2.144422E1,-1.087100E0,-5.321165E-2,1.960925E-1
2.146091E1,-1.087755E0,-5.212168E-2,2.737684E-2
2.147760E1,-1.088840E0,-5.883097E-2,-1.428653E-2
2.149429E1,-1.089719E0,-4.945724E-2,-1.471182E-1
2.151098E1,-1.090491E0,-6.152246E-2,-5.013385E-1
2.152767E1,-1.091772E0,-7.173690E-2,7.745967E-2
2.154436E1,-1.092885E0,-5.672964E-2,3.738051E-1
2.156104E1,-1.093666E0,-5.584665E-2,1.949343E-1
2.157773E1,-1.094749E0,-5.556805E-2,-3.104074E-1
2.159442E1,-1.095521E0,-6.024140E-2,-2.989565E-1
2.161111E1,-1.096760E0,-7.130679E-2,-9.978762E-2
2.162780E1,-1.097901E0,-6.168090E-2,4.799450E-1
2.164449E1,-1.098819E0,-5.395164E-2,1.669502E-1
2.166118E1,-1.099701E0,-5.627848E-2,-3.278531E-1
2.167787E1,-1.100697E0,-6.523526E-2,3.345574E-2
2.169454E1,-1.101878E0,-5.809862E-2,4.849289E-2
2.171123E1,-1.102636E0,-5.745305E-2,2.387748E-1
2.172792E1,-1.103796E0,-5.713964E-2,-9.390612E-2
2.174461E1,-1.104543E0,-5.400734E-2,2.451116E-1
2.176130E1,-1.105598E0,-5.460316E-2,2.366942E-1
2.177799E1,-1.106365E0,-4.277032E-2,-9.977748E-3
2.179468E1,-1.107026E0,-5.330238E-2,7.282533E-2
2.181137E1,-1.108144E0,-4.780078E-2,-3.428928E-1
2.182786E1,-1.108612E0,-5.356453E-2,-5.599430E-1
2.184474E1,-1.109932E0,-7.618859E-2,-6.892416E-1
2.186143E1,-1.111170E0,-7.245719E-2,7.885071E-1
2.187812E1,-1.112351E0,-5.262119E-2,3.530010E-1
2.189481E1,-1.112927E0,-5.308654E-2,-2.048987E-1
2.191150E1,-1.114123E0,-6.791973E-2,-5.403678E-1
2.192818E1,-1.115193E0,-6.699688E-2,2.814992E-1
2.194487E1,-1.116358E0,-6.110569E-2,1.787248E-1
2.196156E1,-1.117232E0,-5.739494E-2,3.155395E-1
2.197824E1,-1.118274E0,-5.439643E-2,-1.885622E-1
2.199493E1,-1.119048E0,-5.889650E-2,-2.597400E-1
2.201162E1,-1.120240E0,-6.823782E-2,-4.965823E-2
2.202831E1,-1.121326E0,-5.876193E-2,3.669374E-1
2.204500E1,-1.122201E0,-5.436814E-2,3.177106E-2
2.206169E1,-1.123140E0,-5.879021E-2,-1.792026E-1
2.207838E1,-1.124163E0,-6.085671E-2,-2.494588E-1
2.209507E1,-1.125172E0,-6.585418E-2,1.175376E-2
2.211176E1,-1.126361E0,-6.323378E-2,9.223018E-2
2.212844E1,-1.127282E0,-5.913000E-2,5.190228E-1
2.214513E1,-1.128335E0,-5.005409E-2,2.140039E-2
2.216182E1,-1.128953E0,-5.200590E-2,-2.740066E-1
2.217850E1,-1.130070E0,-6.555963E-2,-8.343258E-2
2.219519E1,-1.131140E0,-5.371522E-2,4.909517E-1
2.221188E1,-1.131863E0,-4.600202E-2,5.748820E-2
2.222857E1,-1.132676E0,-5.338168E-2,-5.633208E-1
2.224526E1,-1.133645E0,-6.479851E-2,-2.623769E-1
2.226194E1,-1.134839E0,-6.440857E-2,2.647171E-2
2.227863E1,-1.135795E0,-6.046640E-2,2.311273E-1
2.229532E1,-1.136857E0,-5.924627E-2,2.416695E-2
2.231201E1,-1.137772E0,-5.756262E-2,1.941276E-2
2.232870E1,-1.138778E0,-6.003545E-2,-1.492349E-1
2.234539E1,-1.139776E0,-6.180138E-2,-1.629497E-2
2.236208E1,-1.140841E0,-6.151405E-2,2.150757E-1
2.237877E1,-1.141829E0,-5.437362E-2,2.540191E-1
2.239546E1,-1.142656E0,-5.169110E-2,-1.493245E-1
2.241213E1,-1.143554E0,-5.982718E-2,-1.392666E-1
2.242882E1,-1.144652E0,-5.873259E-2,1.506582E-1
2.244551E1,-1.145514E0,-5.187864E-2,1.840018E-2
2.246220E1,-1.146384E0,-5.829826E-2,8.641413E-2
2.247889E1,-1.147460E0,-5.246162E-2,-3.455360E-1
2.249558E1,-1.148135E0,-6.236476E-2,-3.691045E-1
2.251227E1,-1.149542E0,-7.421816E-2,3.257110E-1
2.252896E1,-1.150612E0,-4.780225E-2,1.044098E0
2.254564E1,-1.151137E0,-3.556668E-2,-4.282661E-1
2.256233E1,-1.151799E0,-6.240006E-2,-1.230515E0
2.257899E1,-1.153218E0,-8.284984E-2,-2.521031E-1
2.259571E1,-1.154564E0,-6.854285E-2,1.275604E0
2.261240E1,-1.155508E0,-3.956510E-2,2.679683E-1
2.262909E1,-1.155885E0,-5.228423E-2,-1.404680E-1
2.264578E1,-1.157253E0,-5.853832E-2,-6.206681E-1
2.266246E1,-1.157838E0,-5.868934E-2,7.773247E-3
2.267914E1,-1.159212E0,-7.010273E-2,-2.353975E-1
2.269583E1,-1.160178E0,-5.944805E-2,1.410076E-1
2.271252E1,-1.161196E0,-6.675156E-2,-3.360778E-1
2.272921E1,-1.162406E0,-7.214811E-2,1.701757E-1
2.274590E1,-1.163604E0,-6.159504E-2,4.426718E-1
2.276259E1,-1.164462E0,-5.412954E-2,1.844466E-1
2.277928E1,-1.165411E0,-5.756551E-2,-8.772798E-3
2.279597E1,-1.166383E0,-5.474640E-2,4.132956E-1
2.281266E1,-1.167238E0,-4.372478E-2,1.069508E-1
2.282934E1,-1.167843E0,-4.788224E-2,-9.700244E-1
2.284603E1,-1.168836E0,-7.787422E-2,-6.196737E-1
2.286272E1,-1.170442E0,-7.515681E-2,3.379416E-1
2.287941E1,-1.171345E0,-5.749151E-2,4.496203E-1
2.289609E1,-1.172360E0,-6.374413E-2,-2.455277E-2
2.291278E1,-1.173472E0,-5.962134E-2,4.808537E-2
2.292947E1,-1.174351E0,-5.883610E-2,-1.261138E-1
2.294616E1,-1.175436E0,-6.639486E-2,-1.684413E-1
2.296284E1,-1.176567E0,-6.444461E-2,6.316900E-1
2.297953E1,-1.177587E0,-4.628179E-2,5.805000E-2
2.299622E1,-1.178111E0,-5.533203E-2,-3.985108E-3
2.301291E1,-1.179433E0,-5.834050E-2,-2.436213E-1
2.302960E1,-1.180059E0,-5.200904E-2,1.072669E-1
2.304629E1,-1.181169E0,-6.248006E-2,-2.390441E-1
2.306298E1,-1.182144E0,-5.695362E-2,2.238740E-1
2.307967E1,-1.183070E0,-5.521532E-2,1.696117E-1
2.309636E1,-1.183987E0,-5.185724E-2,2.618656E-1
2.311304E1,-1.184801E0,-4.604899E-2,-3.066125E-1
2.312972E1,-1.185524E0,-5.945332E-2,-5.989543E-1
2.314641E1,-1.186785E0,-7.159609E-2,-1.291814E-1
2.316310E1,-1.187913E0,-6.121092E-2,5.199804E-1
2.317979E1,-1.188828E0,-5.321136E-2,-2.354716E-1
2.319648E1,-1.189689E0,-6.728663E-2,-2.705319E-1
2.321317E1,-1.191074E0,-6.895139E-2,-7.444584E-2
2.322986E1,-1.191991E0,-6.245424E-2,4.031921E-1
2.324654E1,-1.193159E0,-6.093399E-2,2.525041E-2
2.326323E1,-1.194025E0,-5.719862E-2,1.606263E-1
2.327992E1,-1.195068E0,-5.889329E-2,-4.328669E-1
2.329661E1,-1.195990E0,-6.803759E-2,-9.275874E-2
2.331330E1,-1.197339E0,-6.797766E-2,6.128902E-1
2.332999E1,-1.198259E0,-4.373253E-2,4.496197E-1
2.334668E1,-1.198798E0,-4.914969E-2,-5.395482E-1
2.336336E1,-1.199899E0,-6.792541E-2,-8.700221E-1
2.338004E1,-1.201065E0,-7.550138E-2,-4.727832E-2
2.339673E1,-1.202419E0,-7.211539E-2,4.253139E-1
2.341342E1,-1.203472E0,-5.855459E-2,9.918510E-1
2.343011E1,-1.204374E0,-4.089269E-2,-1.742042E-1
2.344680E1,-1.204837E0,-5.706651E-2,-8.151058E-1
2.346349E1,-1.206279E0,-7.936103E-2,-3.796581E-1
2.348018E1,-1.207486E0,-6.463918E-2,1.024587E0
2.349687E1,-1.208436E0,-4.559194E-2,7.062584E-1
2.351356E1,-1.209007E0,-3.833435E-2,1.474835E-1
2.353024E1,-1.209716E0,-4.333397E-2,-1.735152E-1
2.354693E1,-1.210454E0,-4.385241E-2,-4.166010E-1
2.356362E1,-1.211179E0,-5.530980E-2,1.923237E-1
2.358031E1,-1.212300E0,-4.415541E-2,6.745412E-1
2.359700E1,-1.212653E0,-2.412692E-2,3.972776E-1
2.361368E1,-1.213105E0,-3.404675E-2,1.266676E-1
2.363037E1,-1.213789E0,-2.390013E-2,4.811952E-1
2.364706E1,-1.213903E0,-1.143947E-2,2.391640E-1
2.366374E1,-1.214171E0,-1.923194E-2,-9.343144E-2
2.368043E1,-1.214545E0,-1.574770E-2,5.501971E-1
2.369712E1,-1.214697E0,1.585032E-4,5.638962E-1
2.371381E1,-1.214539E0,5.352678E-3,1.062028E-1
2.373050E1,-1.214518E0,1.225829E-3,-1.823286E-1
2.374719E1,-1.214498E0,-1.368066E-6,2.422339E-1
2.376388E1,-1.214518E0,7.715843E-3,2.014770E-1
2.378057E1,-1.214241E0,1.032605E-2,3.574588E-1
2.379726E1,-1.214173E0,1.501756E-2,8.404228E-1
2.381394E1,-1.213740E0,4.035488E-2,5.279123E-1
2.383063E1,-1.212826E0,3.762037E-2,1.215527E-1
2.384732E1,-1.212484E0,3.536339E-2,3.869697E-1
2.386400E1,-1.211646E0,5.635475E-2,7.390102E-1
2.388069E1,-1.210604E0,6.000211E-2,1.098468E-1
2.389738E1,-1.209644E0,5.830165E-2,-6.272673E-1
2.391407E1,-1.208658E0,4.207360E-2,1.406549E-1
2.393076E1,-1.208239E0,5.390435E-2,6.274799E-2
2.394744E1,-1.206858E0,5.832677E-2,7.399714E-1
2.396413E1,-1.206292E0,6.330625E-2,-9.259017E-2
2.398082E1,-1.204745E0,7.032174E-2,2.909232E-2
2.399751E1,-1.203945E0,5.296454E-2,-6.773888E-1
2.401420E1,-1.202978E0,5.305099E-2,3.171867E-1
2.403089E1,-1.202175E0,5.975861E-2,-5.840997E-3
2.404758E1,-1.200983E0,5.870376E-2,-3.442433E-1
2.406427E1,-1.200215E0,4.335401E-2,8.975141E-2
2.408096E1,-1.199536E0,6.002001E-2,4.255861E-1
2.409763E1,-1.198213E0,6.544824E-2,1.690064E-1
2.411432E1,-1.197352E0,5.800043E-2,3.173022E-1
2.413101E1,-1.196277E0,7.791123E-2,-7.677828E-2
2.414770E1,-1.194752E0,6.249260E-2,-9.056251E-1
2.416439E1,-1.194191E0,3.701811E-2,-1.787006E-1
2.418108E1,-1.193516E0,5.898015E-2,6.736562E-1
2.419777E1,-1.192222E0,6.596703E-2,2.761206E-1
2.421446E1,-1.191314E0,6.126342E-2,-9.576478E-2
2.423114E1,-1.190177E0,6.659934E-2,2.346587E-1
2.424783E1,-1.189091E0,6.735555E-2,-3.964000E-1
2.426452E1,-1.187929E0,5.616158E-2,-2.554217E-1
2.428121E1,-1.187217E0,5.315951E-2,1.786032E-1
2.429790E1,-1.186155E0,6.661305E-2,-1.735014E-1
2.431459E1,-1.184993E0,4.960201E-2,-4.352310E-1
2.433127E1,-1.184500E0,4.391546E-2,-3.263234E-2
2.434796E1,-1.183528E0,5.579572E-2,1.201622E-1
2.436464E1,-1.182637E0,4.619356E-2,1.030520E-1
2.438133E1,-1.181986E0,5.521984E-2,1.544783E-1
2.439802E1,-1.180794E0,5.880389E-2,-2.752827E-1
2.441471E1,-1.180023E0,4.087338E-2,-5.486872E-1
2.443140E1,-1.179430E0,4.012060E-2,2.590138E-1
2.444809E1,-1.178684E0,5.072021E-2,3.154299E-1
2.446478E1,-1.177737E0,5.235052E-2,7.938993E-2
2.448147E1,-1.176937E0,5.083638E-2,-2.270586E-1
2.449816E1,-1.176040E0,4.716454E-2,-7.295786E-2
2.451484E1,-1.175363E0,4.542430E-2,-1.823314E-1
2.453153E1,-1.174524E0,4.425063E-2,-8.915664E-2
2.454822E1,-1.173886E0,3.982241E-2,-2.551707E-3
2.456491E1,-1.173195E0,4.497501E-2,1.293162E-1
2.458159E1,-1.172385E0,4.539793E-2,-2.009901E-1
2.459828E1,-1.171680E0,3.751844E-2,-4.496037E-1
2.461497E1,-1.171133E0,2.989759E-2,-1.911875E-1
2.463166E1,-1.170682E0,3.048295E-2,-4.298060E-2
2.464834E1,-1.170115E0,3.038676E-2,2.260196E-2
2.466503E1,-1.169668E0,2.935052E-2,
2.468172E1,-1.169136E0,,
